#
# There is insufficient memory for the Java Runtime Environment to continue.
# Native memory allocation (mmap) failed to map 22609920 bytes for G1 virtual space
# Possible reasons:
#   The system is out of physical RAM or swap space
#   The process is running with CompressedOops enabled, and the Java Heap may be blocking the growth of the native heap
# Possible solutions:
#   Reduce memory load on the system
#   Increase physical memory or swap space
#   Check if swap backing store is full
#   Decrease Java heap size (-Xmx/-Xms)
#   Decrease number of Java threads
#   Decrease Java thread stack sizes (-Xss)
#   Set larger code cache with -XX:ReservedCodeCacheSize=
#   JVM is running with Zero Based Compressed Oops mode in which the Java heap is
#     placed in the first 32GB address space. The Java Heap base address is the
#     maximum limit for the native heap growth. Please use -XX:HeapBaseMinAddress
#     to set the Java Heap base and to place the Java Heap above 32GB virtual address.
# This output file may be truncated or incomplete.
#
#  Out of Memory Error (os_windows.cpp:3551), pid=22408, tid=27412
#
# JRE version: Java(TM) SE Runtime Environment (17.0.15+9) (build 17.0.15+9-LTS-241)
# Java VM: Java HotSpot(TM) 64-Bit Server VM (17.0.15+9-LTS-241, mixed mode, sharing, tiered, compressed oops, compressed class ptrs, g1 gc, windows-amd64)
# No core dump will be written. Minidumps are not enabled by default on client versions of Windows
#

---------------  S U M M A R Y ------------

Command Line: --add-opens=java.base/java.lang=ALL-UNNAMED --add-opens=java.base/java.lang.invoke=ALL-UNNAMED --add-opens=java.base/java.util=ALL-UNNAMED --add-opens=java.prefs/java.util.prefs=ALL-UNNAMED --add-exports=jdk.compiler/com.sun.tools.javac.api=ALL-UNNAMED --add-exports=jdk.compiler/com.sun.tools.javac.util=ALL-UNNAMED --add-opens=java.base/java.util=ALL-UNNAMED --add-opens=java.prefs/java.util.prefs=ALL-UNNAMED --add-opens=java.base/java.nio.charset=ALL-UNNAMED --add-opens=java.base/java.net=ALL-UNNAMED --add-opens=java.base/java.util.concurrent.atomic=ALL-UNNAMED --add-opens=java.xml/javax.xml.namespace=ALL-UNNAMED -XX:MaxMetaspaceSize=4G -XX:ReservedCodeCacheSize=512m -XX:+HeapDumpOnOutOfMemoryError -Xmx8G -Dfile.encoding=windows-1252 -Duser.country=US -Duser.language=en -Duser.variant -javaagent:C:\Users\khali\.gradle\wrapper\dists\gradle-8.12-all\ejduaidbjup3bmmkhw3rie4zb\gradle-8.12\lib\agents\gradle-instrumentation-agent-8.12.jar org.gradle.launcher.daemon.bootstrap.GradleDaemon 8.12

Host: AMD Ryzen 7 5700U with Radeon Graphics         , 16 cores, 7G,  Windows 11 , 64 bit Build 26100 (10.0.26100.8521)
Time: Wed Jun 24 04:48:45 2026 Egypt Daylight Time elapsed time: 659.899072 seconds (0d 0h 10m 59s)

---------------  T H R E A D  ---------------

Current thread (0x000002217c582010):  VMThread "VM Thread" [stack: 0x000000583eb00000,0x000000583ec00000] [id=27412]

Stack: [0x000000583eb00000,0x000000583ec00000]
Native frames: (J=compiled Java code, j=interpreted, Vv=VM code, C=native code)
V  [jvm.dll+0x67a46a]
V  [jvm.dll+0x7da6ad]
V  [jvm.dll+0x7dbff3]
V  [jvm.dll+0x7dc663]
V  [jvm.dll+0x24523f]
V  [jvm.dll+0x677499]
V  [jvm.dll+0x66c122]
V  [jvm.dll+0x302156]
V  [jvm.dll+0x3096f6]
V  [jvm.dll+0x35a063]
V  [jvm.dll+0x35a27f]
V  [jvm.dll+0x2d9228]
V  [jvm.dll+0x2d765d]
V  [jvm.dll+0x2d6cac]
V  [jvm.dll+0x31a80b]
V  [jvm.dll+0x7e0f5b]
V  [jvm.dll+0x7e1c94]
V  [jvm.dll+0x7e21ad]
V  [jvm.dll+0x7e2584]
V  [jvm.dll+0x7e2650]
V  [jvm.dll+0x78b0ba]
V  [jvm.dll+0x679355]
C  [ucrtbase.dll+0x2cd30]
C  [KERNEL32.DLL+0x2e957]
C  [ntdll.dll+0x87c1c]

VM_Operation (0x00000058526fdd00): G1CollectForAllocation, mode: safepoint, requested by thread 0x00000221ddde0130


---------------  P R O C E S S  ---------------

Threads class SMR info:
_java_thread_list=0x00000221e7b765b0, length=295, elements={
0x000002214e1e7280, 0x000002217b743b50, 0x000002217b745420, 0x000002217b75e770,
0x000002217b760040, 0x000002217b760900, 0x000002217b7651e0, 0x000002217b768df0,
0x000002217b76e480, 0x000002217b76b700, 0x000002217b734a00, 0x000002217c76a250,
0x00000221c337cf30, 0x00000221c28d8420, 0x00000221c27fe120, 0x00000221c2026080,
0x00000221c35f1f20, 0x00000221c3cfc870, 0x00000221c3cfba00, 0x00000221c3cfb060,
0x00000221c3cfc3a0, 0x00000221c3cf9380, 0x00000221c203c310, 0x00000221c645ac30,
0x00000221c6eb3c50, 0x00000221c6eb4f90, 0x00000221c6eb4ac0, 0x00000221c6eb5460,
0x00000221c6eb5930, 0x00000221c6eb5e00, 0x00000221c6eb32b0, 0x00000221c6eba160,
0x00000221c6eb6c70, 0x00000221c6eb7140, 0x00000221c6eb7610, 0x00000221c6eb7ae0,
0x00000221c6eb8950, 0x00000221c6eb7fb0, 0x00000221c6eb92f0, 0x00000221c6eb97c0,
0x00000221c6eb9c90, 0x00000221c4c99810, 0x00000221c4c99ce0, 0x00000221c4c9ab50,
0x00000221c4c9b9c0, 0x00000221c4c9b020, 0x00000221c4c9a680, 0x00000221c4c9b4f0,
0x00000221c4c9db70, 0x00000221c4c9d1d0, 0x00000221c4c9be90, 0x00000221c4c9cd00,
0x00000221c4c9c830, 0x00000221c4c9c360, 0x00000221c4c9d6a0, 0x00000221c4c9a1b0,
0x00000221c4ca1060, 0x00000221c4c9e9e0, 0x00000221c4c9eeb0, 0x00000221c4c9f850,
0x00000221c4ca06c0, 0x00000221c4ca01f0, 0x00000221c4c9f380, 0x00000221c4c9e040,
0x00000221c4c9e510, 0x00000221c203c7e0, 0x00000221c203afd0, 0x00000221c203b4a0,
0x00000221c203be40, 0x00000221c2038e20, 0x00000221c203ccb0, 0x00000221c203d180,
0x00000221c20397c0, 0x00000221c203d650, 0x00000221c2039c90, 0x00000221c203db20,
0x00000221c203a160, 0x00000221c203e4c0, 0x00000221c203f800, 0x00000221c203fcd0,
0x00000221c203dff0, 0x00000221c20401a0, 0x00000221c203e990, 0x00000221c203ee60,
0x00000221c203f330, 0x00000221c2040670, 0x00000221c645baa0, 0x00000221c645b100,
0x00000221c64598f0, 0x00000221c645c440, 0x00000221c645cde0, 0x00000221c645a290,
0x00000221c645a760, 0x00000221c645c910, 0x00000221c6459dc0, 0x00000221c645e120,
0x00000221c645eac0, 0x00000221c645ef90, 0x00000221c645bf70, 0x00000221c645dc50,
0x00000221c645b5d0, 0x00000221c64602d0, 0x00000221c645f460, 0x00000221c645f930,
0x00000221c645d2b0, 0x00000221c6461140, 0x00000221c645d780, 0x00000221c731b090,
0x00000221c731b560, 0x00000221c731a220, 0x00000221c731a6f0, 0x00000221c7319d50,
0x00000221c731abc0, 0x00000221c731ba30, 0x00000221c7318ee0, 0x00000221c731bf00,
0x00000221c7318540, 0x00000221c731c3d0, 0x00000221c7318a10, 0x00000221c731c8a0,
0x00000221c731cd70, 0x00000221c73193b0, 0x00000221c731d240, 0x00000221c7319880,
0x00000221c731ef20, 0x00000221c731d710, 0x00000221c731f3f0, 0x00000221c86a85b0,
0x00000221c86aef90, 0x00000221c86b1610, 0x00000221c86b1140, 0x00000221c86b1fb0,
0x00000221c86b2480, 0x00000221c86b07a0, 0x00000221c86af460, 0x00000221c86b0c70,
0x00000221c86aeac0, 0x00000221c86b1ae0, 0x00000221c86b2e20, 0x00000221c86b2950,
0x00000221c86b32f0, 0x00000221c86b3c90, 0x00000221c86b4630, 0x00000221c86b4b00,
0x00000221c86b37c0, 0x00000221d82b0ee0, 0x00000221d82b13b0, 0x00000221d82bd900,
0x00000221c3cfb530, 0x00000221c8efafc0, 0x00000221c8efc300, 0x00000221c86afe00,
0x00000221d82b1880, 0x00000221de104ee0, 0x00000221de104540, 0x00000221de1066f0,
0x00000221de1053b0, 0x00000221de106bc0, 0x00000221de103200, 0x00000221de1036d0,
0x00000221de105880, 0x00000221de105d50, 0x00000221de104070, 0x00000221de106220,
0x00000221de107560, 0x00000221de103ba0, 0x00000221de107a30, 0x00000221de109710,
0x00000221de1083d0, 0x00000221de108d70, 0x00000221de10aa50, 0x00000221de107f00,
0x00000221de109be0, 0x00000221de10af20, 0x00000221de109240, 0x00000221de10c260,
0x00000221de1088a0, 0x00000221de10a580, 0x00000221de10d5a0, 0x00000221de10da70,
0x00000221de10bd90, 0x00000221de10b3f0, 0x00000221de10b8c0, 0x00000221de10cc00,
0x00000221de10c730, 0x00000221de10d0d0, 0x00000221de10a0b0, 0x00000221de110a90,
0x00000221de10e410, 0x00000221de10fc20, 0x00000221de111900, 0x00000221c86b4160,
0x00000221c20392f0, 0x00000221de5a4c60, 0x00000221de5a42c0, 0x00000221de5a1770,
0x00000221de5a1c40, 0x00000221de5a5600, 0x00000221de5a5fa0, 0x00000221de5a5ad0,
0x00000221de5a25e0, 0x00000221de5a3450, 0x00000221de5a2ab0, 0x00000221de5a4790,
0x00000221de5a6470, 0x00000221de5a6940, 0x00000221de5a6e10, 0x00000221de5a72e0,
0x00000221de5a3920, 0x00000221de5a77b0, 0x00000221de5a8af0, 0x00000221de5a5130,
0x00000221de5a8fc0, 0x00000221de5a9490, 0x00000221de5ad320, 0x00000221de5ace50,
0x00000221de5abb10, 0x00000221de5aaca0, 0x00000221de5abfe0, 0x00000221de5ab640,
0x00000221de5ab170, 0x00000221de5aa300, 0x00000221de5ac4b0, 0x00000221de5a9e30,
0x00000221de5adcc0, 0x00000221de5aeb30, 0x00000221de5ae190, 0x00000221de5afe70,
0x00000221de5b0340, 0x00000221de5af4d0, 0x00000221de5af9a0, 0x00000221de5ae660,
0x00000221de5b0810, 0x00000221de5b0ce0, 0x00000221de5b11b0, 0x00000221d82bb280,
0x00000221d7d51750, 0x00000221d7d50db0, 0x00000221d7d53900, 0x00000221d7d51c20,
0x00000221d7d53430, 0x00000221d7d525c0, 0x00000221d7d53dd0, 0x00000221d7d50410,
0x00000221d7d51280, 0x00000221d7d55110, 0x00000221d7d57790, 0x00000221d7d56920,
0x00000221d7d54770, 0x00000221d7d555e0, 0x00000221d7d572c0, 0x00000221d7d55f80,
0x00000221d7d55ab0, 0x00000221d7d5d7d0, 0x00000221d7d5f980, 0x00000221e1153630,
0x00000221cfa106c0, 0x00000221cfa101f0, 0x00000221e1126aa0, 0x00000221e1127440,
0x00000221de7a0e10, 0x00000221de79f600, 0x00000221ddddf790, 0x00000221ddde0600,
0x00000221e14ed140, 0x00000221e14ed610, 0x00000221d86c19c0, 0x00000221d86c1e90,
0x00000221ced7abc0, 0x00000221ced793b0, 0x00000221dd140d30, 0x00000221dd1416d0,
0x00000221e11522f0, 0x00000221dd142070, 0x00000221dd142540, 0x00000221df4e8180,
0x00000221df4e7310, 0x00000221dfd5bec0, 0x00000221ddde0130, 0x00000221e1150140,
0x00000221e0b81870, 0x00000221e1938100, 0x00000221ced79d50, 0x00000221e0b813a0,
0x00000221e0b80060, 0x00000221e01fbaa0, 0x00000221e111c600, 0x00000221d867fed0,
0x00000221d867f530, 0x00000221e1934c10, 0x00000221ef5ef4e0, 0x00000221ef5eeb40,
0x00000221ded46580, 0x00000221dd7a8f00, 0x00000221e048f9f0
}

Java Threads: ( => current thread )
  0x000002214e1e7280 JavaThread "main" [_thread_blocked, id=14488, stack(0x000000583e500000,0x000000583e600000)]
  0x000002217b743b50 JavaThread "Reference Handler" daemon [_thread_blocked, id=15952, stack(0x000000583ec00000,0x000000583ed00000)]
  0x000002217b745420 JavaThread "Finalizer" daemon [_thread_blocked, id=12948, stack(0x000000583ed00000,0x000000583ee00000)]
  0x000002217b75e770 JavaThread "Signal Dispatcher" daemon [_thread_blocked, id=7984, stack(0x000000583ee00000,0x000000583ef00000)]
  0x000002217b760040 JavaThread "Attach Listener" daemon [_thread_blocked, id=15340, stack(0x000000583ef00000,0x000000583f000000)]
  0x000002217b760900 JavaThread "Service Thread" daemon [_thread_blocked, id=25024, stack(0x000000583f000000,0x000000583f100000)]
  0x000002217b7651e0 JavaThread "Monitor Deflation Thread" daemon [_thread_blocked, id=27528, stack(0x000000583f100000,0x000000583f200000)]
  0x000002217b768df0 JavaThread "C2 CompilerThread0" daemon [_thread_blocked, id=27208, stack(0x000000583f200000,0x000000583f300000)]
  0x000002217b76e480 JavaThread "C1 CompilerThread0" daemon [_thread_blocked, id=29056, stack(0x000000583f300000,0x000000583f400000)]
  0x000002217b76b700 JavaThread "Sweeper thread" daemon [_thread_blocked, id=30716, stack(0x000000583f400000,0x000000583f500000)]
  0x000002217b734a00 JavaThread "Common-Cleaner" daemon [_thread_blocked, id=27964, stack(0x000000583f500000,0x000000583f600000)]
  0x000002217c76a250 JavaThread "Notification Thread" daemon [_thread_blocked, id=15388, stack(0x000000583f800000,0x000000583f900000)]
  0x00000221c337cf30 JavaThread "Daemon health stats" [_thread_blocked, id=1228, stack(0x0000005840100000,0x0000005840200000)]
  0x00000221c28d8420 JavaThread "Incoming local TCP Connector on port 64763" [_thread_in_native, id=29988, stack(0x000000583fa00000,0x000000583fb00000)]
  0x00000221c27fe120 JavaThread "Daemon periodic checks" [_thread_blocked, id=29680, stack(0x0000005840200000,0x0000005840300000)]
  0x00000221c2026080 JavaThread "Daemon" [_thread_blocked, id=19460, stack(0x0000005840300000,0x0000005840400000)]
  0x00000221c35f1f20 JavaThread "Daemon worker" [_thread_blocked, id=26756, stack(0x0000005840500000,0x0000005840600000)]
  0x00000221c3cfc870 JavaThread "Cache worker for journal cache (C:\Users\khali\.gradle\caches\journal-1)" [_thread_blocked, id=8992, stack(0x0000005841200000,0x0000005841300000)]
  0x00000221c3cfba00 JavaThread "File lock request listener" [_thread_in_native, id=29984, stack(0x0000005841300000,0x0000005841400000)]
  0x00000221c3cfb060 JavaThread "Cache worker for file hash cache (C:\Users\khali\.gradle\caches\8.12\fileHashes)" [_thread_blocked, id=27804, stack(0x0000005841400000,0x0000005841500000)]
  0x00000221c3cfc3a0 JavaThread "File watcher server" daemon [_thread_blocked, id=15668, stack(0x0000005841900000,0x0000005841a00000)]
  0x00000221c3cf9380 JavaThread "File watcher consumer" daemon [_thread_blocked, id=22580, stack(0x0000005841a00000,0x0000005841b00000)]
  0x00000221c203c310 JavaThread "Cache worker for file content cache (C:\Users\khali\.gradle\caches\8.12\fileContent)" [_thread_blocked, id=19840, stack(0x0000005841c00000,0x0000005841d00000)]
  0x00000221c645ac30 JavaThread "Memory manager" [_thread_blocked, id=27932, stack(0x0000005844d00000,0x0000005844e00000)]
  0x00000221c6eb3c50 JavaThread "Handler for socket connection from /127.0.0.1:64763 to /127.0.0.1:53203" [_thread_in_native, id=29508, stack(0x000000583e200000,0x000000583e300000)]
  0x00000221c6eb4f90 JavaThread "Cancel handler" [_thread_blocked, id=3020, stack(0x000000583e300000,0x000000583e400000)]
  0x00000221c6eb4ac0 JavaThread "Asynchronous log dispatcher for DefaultDaemonConnection: socket connection from /127.0.0.1:64763 to /127.0.0.1:53203" [_thread_blocked, id=26676, stack(0x000000583f600000,0x000000583f700000)]
  0x00000221c6eb5460 JavaThread "Stdin handler" [_thread_blocked, id=28944, stack(0x000000583f700000,0x000000583f800000)]
  0x00000221c6eb5930 JavaThread "Daemon client event forwarder" [_thread_blocked, id=16268, stack(0x000000583fb00000,0x000000583fc00000)]
  0x00000221c6eb5e00 JavaThread "Cache worker for file hash cache (C:\Users\khali\Desktop\prog\ejarz_pro_flutter\ejarz_pro\android\.gradle\8.12\fileHashes)" [_thread_blocked, id=20624, stack(0x000000583fe00000,0x000000583ff00000)]
  0x00000221c6eb32b0 JavaThread "Cache worker for Build Output Cleanup Cache (C:\Users\khali\Desktop\prog\ejarz_pro_flutter\ejarz_pro\android\.gradle\buildOutputCleanup)" [_thread_blocked, id=26956, stack(0x0000005840400000,0x0000005840500000)]
  0x00000221c6eba160 JavaThread "Cache worker for checksums cache (C:\Users\khali\Desktop\prog\ejarz_pro_flutter\ejarz_pro\android\.gradle\8.12\checksums)" [_thread_blocked, id=27308, stack(0x0000005841100000,0x0000005841200000)]
  0x00000221c6eb6c70 JavaThread "Cache worker for cache directory md-rule (C:\Users\khali\.gradle\caches\8.12\md-rule)" [_thread_blocked, id=2224, stack(0x0000005841b00000,0x0000005841c00000)]
  0x00000221c6eb7140 JavaThread "Cache worker for cache directory md-supplier (C:\Users\khali\.gradle\caches\8.12\md-supplier)" [_thread_blocked, id=28848, stack(0x0000005841d00000,0x0000005841e00000)]
  0x00000221c6eb7610 JavaThread "Cache worker for Build Output Cleanup Cache (C:\flutter\packages\flutter_tools\gradle\.gradle\buildOutputCleanup)" [_thread_blocked, id=22496, stack(0x0000005840800000,0x0000005840900000)]
  0x00000221c6eb7ae0 JavaThread "Unconstrained build operations" [_thread_blocked, id=29972, stack(0x0000005841e00000,0x0000005841f00000)]
  0x00000221c6eb8950 JavaThread "Unconstrained build operations Thread 2" [_thread_blocked, id=30296, stack(0x0000005841f00000,0x0000005842000000)]
  0x00000221c6eb7fb0 JavaThread "Unconstrained build operations Thread 3" [_thread_blocked, id=14848, stack(0x0000005842000000,0x0000005842100000)]
  0x00000221c6eb92f0 JavaThread "Unconstrained build operations Thread 4" [_thread_blocked, id=19940, stack(0x0000005842100000,0x0000005842200000)]
  0x00000221c6eb97c0 JavaThread "Unconstrained build operations Thread 5" [_thread_blocked, id=18692, stack(0x0000005842200000,0x0000005842300000)]
  0x00000221c6eb9c90 JavaThread "Unconstrained build operations Thread 6" [_thread_blocked, id=28444, stack(0x0000005842300000,0x0000005842400000)]
  0x00000221c4c99810 JavaThread "Unconstrained build operations Thread 7" [_thread_blocked, id=23000, stack(0x0000005842400000,0x0000005842500000)]
  0x00000221c4c99ce0 JavaThread "Unconstrained build operations Thread 8" [_thread_blocked, id=27852, stack(0x0000005842500000,0x0000005842600000)]
  0x00000221c4c9ab50 JavaThread "Unconstrained build operations Thread 9" [_thread_blocked, id=19156, stack(0x0000005842600000,0x0000005842700000)]
  0x00000221c4c9b9c0 JavaThread "Unconstrained build operations Thread 10" [_thread_blocked, id=28792, stack(0x0000005842700000,0x0000005842800000)]
  0x00000221c4c9b020 JavaThread "Unconstrained build operations Thread 11" [_thread_blocked, id=12904, stack(0x0000005842800000,0x0000005842900000)]
  0x00000221c4c9a680 JavaThread "Unconstrained build operations Thread 12" [_thread_blocked, id=13564, stack(0x0000005842900000,0x0000005842a00000)]
  0x00000221c4c9b4f0 JavaThread "Unconstrained build operations Thread 13" [_thread_blocked, id=2300, stack(0x0000005842a00000,0x0000005842b00000)]
  0x00000221c4c9db70 JavaThread "Unconstrained build operations Thread 14" [_thread_blocked, id=29604, stack(0x0000005842b00000,0x0000005842c00000)]
  0x00000221c4c9d1d0 JavaThread "Unconstrained build operations Thread 15" [_thread_blocked, id=12328, stack(0x0000005842c00000,0x0000005842d00000)]
  0x00000221c4c9be90 JavaThread "Unconstrained build operations Thread 16" [_thread_blocked, id=30508, stack(0x0000005842d00000,0x0000005842e00000)]
  0x00000221c4c9cd00 JavaThread "Unconstrained build operations Thread 17" [_thread_blocked, id=26120, stack(0x0000005842e00000,0x0000005842f00000)]
  0x00000221c4c9c830 JavaThread "Unconstrained build operations Thread 18" [_thread_blocked, id=11800, stack(0x0000005842f00000,0x0000005843000000)]
  0x00000221c4c9c360 JavaThread "Unconstrained build operations Thread 19" [_thread_blocked, id=26608, stack(0x0000005843000000,0x0000005843100000)]
  0x00000221c4c9d6a0 JavaThread "Unconstrained build operations Thread 20" [_thread_blocked, id=28984, stack(0x0000005843100000,0x0000005843200000)]
  0x00000221c4c9a1b0 JavaThread "Unconstrained build operations Thread 21" [_thread_blocked, id=27260, stack(0x0000005843200000,0x0000005843300000)]
  0x00000221c4ca1060 JavaThread "Unconstrained build operations Thread 22" [_thread_blocked, id=29968, stack(0x0000005843300000,0x0000005843400000)]
  0x00000221c4c9e9e0 JavaThread "Unconstrained build operations Thread 23" [_thread_blocked, id=23052, stack(0x0000005843400000,0x0000005843500000)]
  0x00000221c4c9eeb0 JavaThread "Unconstrained build operations Thread 24" [_thread_blocked, id=22924, stack(0x0000005843500000,0x0000005843600000)]
  0x00000221c4c9f850 JavaThread "Unconstrained build operations Thread 25" [_thread_blocked, id=20548, stack(0x0000005843600000,0x0000005843700000)]
  0x00000221c4ca06c0 JavaThread "Unconstrained build operations Thread 26" [_thread_blocked, id=19984, stack(0x0000005843700000,0x0000005843800000)]
  0x00000221c4ca01f0 JavaThread "Unconstrained build operations Thread 27" [_thread_blocked, id=25840, stack(0x0000005843800000,0x0000005843900000)]
  0x00000221c4c9f380 JavaThread "Unconstrained build operations Thread 28" [_thread_blocked, id=5148, stack(0x0000005843900000,0x0000005843a00000)]
  0x00000221c4c9e040 JavaThread "Unconstrained build operations Thread 29" [_thread_blocked, id=26880, stack(0x0000005843a00000,0x0000005843b00000)]
  0x00000221c4c9e510 JavaThread "Unconstrained build operations Thread 30" [_thread_blocked, id=7852, stack(0x0000005843b00000,0x0000005843c00000)]
  0x00000221c203c7e0 JavaThread "build event listener" [_thread_blocked, id=7784, stack(0x0000005843c00000,0x0000005843d00000)]
  0x00000221c203afd0 JavaThread "Execution worker" [_thread_blocked, id=27396, stack(0x0000005841600000,0x0000005841700000)]
  0x00000221c203b4a0 JavaThread "Execution worker Thread 2" [_thread_blocked, id=26928, stack(0x0000005843d00000,0x0000005843e00000)]
  0x00000221c203be40 JavaThread "Execution worker Thread 3" [_thread_blocked, id=20172, stack(0x0000005843e00000,0x0000005843f00000)]
  0x00000221c2038e20 JavaThread "Execution worker Thread 4" [_thread_blocked, id=9144, stack(0x0000005843f00000,0x0000005844000000)]
  0x00000221c203ccb0 JavaThread "Execution worker Thread 5" [_thread_blocked, id=28128, stack(0x0000005844000000,0x0000005844100000)]
  0x00000221c203d180 JavaThread "Execution worker Thread 6" [_thread_blocked, id=6652, stack(0x0000005844100000,0x0000005844200000)]
  0x00000221c20397c0 JavaThread "Execution worker Thread 7" [_thread_blocked, id=12160, stack(0x0000005844200000,0x0000005844300000)]
  0x00000221c203d650 JavaThread "Execution worker Thread 8" [_thread_blocked, id=23272, stack(0x0000005844300000,0x0000005844400000)]
  0x00000221c2039c90 JavaThread "Execution worker Thread 9" [_thread_blocked, id=22400, stack(0x0000005844400000,0x0000005844500000)]
  0x00000221c203db20 JavaThread "Execution worker Thread 10" [_thread_blocked, id=22384, stack(0x0000005844500000,0x0000005844600000)]
  0x00000221c203a160 JavaThread "Cache worker for execution history cache (C:\flutter\packages\flutter_tools\gradle\.gradle\8.12\executionHistory)" [_thread_blocked, id=30652, stack(0x0000005844600000,0x0000005844700000)]
  0x00000221c203e4c0 JavaThread "Execution worker Thread 11" [_thread_blocked, id=9992, stack(0x0000005844700000,0x0000005844800000)]
  0x00000221c203f800 JavaThread "Execution worker Thread 12" [_thread_blocked, id=21452, stack(0x0000005844800000,0x0000005844900000)]
  0x00000221c203fcd0 JavaThread "Execution worker Thread 13" [_thread_blocked, id=19592, stack(0x0000005844900000,0x0000005844a00000)]
  0x00000221c203dff0 JavaThread "Execution worker Thread 14" [_thread_blocked, id=26976, stack(0x0000005844a00000,0x0000005844b00000)]
  0x00000221c20401a0 JavaThread "Execution worker Thread 15" [_thread_blocked, id=15292, stack(0x0000005844b00000,0x0000005844c00000)]
  0x00000221c203e990 JavaThread "Unconstrained build operations Thread 31" [_thread_blocked, id=27568, stack(0x0000005844e00000,0x0000005844f00000)]
  0x00000221c203ee60 JavaThread "Unconstrained build operations Thread 32" [_thread_blocked, id=22488, stack(0x0000005844f00000,0x0000005845000000)]
  0x00000221c203f330 JavaThread "Unconstrained build operations Thread 33" [_thread_blocked, id=25732, stack(0x0000005845000000,0x0000005845100000)]
  0x00000221c2040670 JavaThread "Unconstrained build operations Thread 34" [_thread_blocked, id=18560, stack(0x0000005845100000,0x0000005845200000)]
  0x00000221c645baa0 JavaThread "Unconstrained build operations Thread 35" [_thread_blocked, id=30464, stack(0x0000005845200000,0x0000005845300000)]
  0x00000221c645b100 JavaThread "Unconstrained build operations Thread 36" [_thread_blocked, id=6504, stack(0x0000005845300000,0x0000005845400000)]
  0x00000221c64598f0 JavaThread "Unconstrained build operations Thread 37" [_thread_blocked, id=25656, stack(0x0000005845400000,0x0000005845500000)]
  0x00000221c645c440 JavaThread "Unconstrained build operations Thread 38" [_thread_blocked, id=28048, stack(0x0000005845500000,0x0000005845600000)]
  0x00000221c645cde0 JavaThread "Unconstrained build operations Thread 39" [_thread_blocked, id=30604, stack(0x0000005845600000,0x0000005845700000)]
  0x00000221c645a290 JavaThread "Unconstrained build operations Thread 40" [_thread_blocked, id=21508, stack(0x0000005845700000,0x0000005845800000)]
  0x00000221c645a760 JavaThread "Unconstrained build operations Thread 41" [_thread_blocked, id=1020, stack(0x0000005845800000,0x0000005845900000)]
  0x00000221c645c910 JavaThread "Unconstrained build operations Thread 42" [_thread_blocked, id=25892, stack(0x0000005845900000,0x0000005845a00000)]
  0x00000221c6459dc0 JavaThread "Unconstrained build operations Thread 43" [_thread_blocked, id=10120, stack(0x0000005845a00000,0x0000005845b00000)]
  0x00000221c645e120 JavaThread "Unconstrained build operations Thread 44" [_thread_blocked, id=24880, stack(0x0000005845b00000,0x0000005845c00000)]
  0x00000221c645eac0 JavaThread "Unconstrained build operations Thread 45" [_thread_blocked, id=20840, stack(0x0000005845c00000,0x0000005845d00000)]
  0x00000221c645ef90 JavaThread "Unconstrained build operations Thread 46" [_thread_blocked, id=27604, stack(0x0000005845d00000,0x0000005845e00000)]
  0x00000221c645bf70 JavaThread "Unconstrained build operations Thread 47" [_thread_blocked, id=19748, stack(0x0000005845e00000,0x0000005845f00000)]
  0x00000221c645dc50 JavaThread "Unconstrained build operations Thread 48" [_thread_blocked, id=29108, stack(0x0000005845f00000,0x0000005846000000)]
  0x00000221c645b5d0 JavaThread "Unconstrained build operations Thread 49" [_thread_blocked, id=12272, stack(0x0000005846000000,0x0000005846100000)]
  0x00000221c64602d0 JavaThread "Unconstrained build operations Thread 50" [_thread_blocked, id=27000, stack(0x0000005846100000,0x0000005846200000)]
  0x00000221c645f460 JavaThread "Unconstrained build operations Thread 51" [_thread_blocked, id=26400, stack(0x0000005846200000,0x0000005846300000)]
  0x00000221c645f930 JavaThread "Unconstrained build operations Thread 52" [_thread_blocked, id=8188, stack(0x0000005846300000,0x0000005846400000)]
  0x00000221c645d2b0 JavaThread "Unconstrained build operations Thread 53" [_thread_blocked, id=19952, stack(0x0000005846400000,0x0000005846500000)]
  0x00000221c6461140 JavaThread "Unconstrained build operations Thread 54" [_thread_blocked, id=15808, stack(0x0000005846500000,0x0000005846600000)]
  0x00000221c645d780 JavaThread "Unconstrained build operations Thread 55" [_thread_blocked, id=24320, stack(0x0000005846700000,0x0000005846800000)]
  0x00000221c731b090 JavaThread "Unconstrained build operations Thread 56" [_thread_blocked, id=14648, stack(0x0000005846800000,0x0000005846900000)]
  0x00000221c731b560 JavaThread "Unconstrained build operations Thread 57" [_thread_blocked, id=26628, stack(0x0000005846900000,0x0000005846a00000)]
  0x00000221c731a220 JavaThread "Unconstrained build operations Thread 58" [_thread_blocked, id=26732, stack(0x0000005846a00000,0x0000005846b00000)]
  0x00000221c731a6f0 JavaThread "Unconstrained build operations Thread 59" [_thread_blocked, id=28248, stack(0x0000005846b00000,0x0000005846c00000)]
  0x00000221c7319d50 JavaThread "Unconstrained build operations Thread 60" [_thread_blocked, id=3252, stack(0x0000005846c00000,0x0000005846d00000)]
  0x00000221c731abc0 JavaThread "Unconstrained build operations Thread 61" [_thread_blocked, id=11252, stack(0x0000005846d00000,0x0000005846e00000)]
  0x00000221c731ba30 JavaThread "Unconstrained build operations Thread 62" [_thread_blocked, id=27536, stack(0x0000005846e00000,0x0000005846f00000)]
  0x00000221c7318ee0 JavaThread "Unconstrained build operations Thread 63" [_thread_blocked, id=17964, stack(0x0000005840700000,0x0000005840800000)]
  0x00000221c731bf00 JavaThread "Unconstrained build operations Thread 64" [_thread_blocked, id=30256, stack(0x0000005841500000,0x0000005841600000)]
  0x00000221c7318540 JavaThread "Unconstrained build operations Thread 65" [_thread_blocked, id=16012, stack(0x0000005846f00000,0x0000005847000000)]
  0x00000221c731c3d0 JavaThread "Unconstrained build operations Thread 66" [_thread_blocked, id=468, stack(0x0000005847000000,0x0000005847100000)]
  0x00000221c7318a10 JavaThread "Unconstrained build operations Thread 67" [_thread_blocked, id=13668, stack(0x0000005847100000,0x0000005847200000)]
  0x00000221c731c8a0 JavaThread "Unconstrained build operations Thread 68" [_thread_blocked, id=27876, stack(0x0000005847200000,0x0000005847300000)]
  0x00000221c731cd70 JavaThread "Unconstrained build operations Thread 69" [_thread_blocked, id=29136, stack(0x0000005847300000,0x0000005847400000)]
  0x00000221c73193b0 JavaThread "Unconstrained build operations Thread 70" [_thread_blocked, id=19180, stack(0x0000005847400000,0x0000005847500000)]
  0x00000221c731d240 JavaThread "Unconstrained build operations Thread 71" [_thread_blocked, id=2336, stack(0x0000005847500000,0x0000005847600000)]
  0x00000221c7319880 JavaThread "Unconstrained build operations Thread 72" [_thread_blocked, id=13172, stack(0x0000005847600000,0x0000005847700000)]
  0x00000221c731ef20 JavaThread "Unconstrained build operations Thread 73" [_thread_blocked, id=28512, stack(0x0000005847700000,0x0000005847800000)]
  0x00000221c731d710 JavaThread "Unconstrained build operations Thread 74" [_thread_blocked, id=9124, stack(0x0000005847800000,0x0000005847900000)]
  0x00000221c731f3f0 JavaThread "Unconstrained build operations Thread 75" [_thread_blocked, id=20324, stack(0x0000005847900000,0x0000005847a00000)]
  0x00000221c86a85b0 JavaThread "Unconstrained build operations Thread 76" [_thread_blocked, id=28032, stack(0x0000005847a00000,0x0000005847b00000)]
  0x00000221c86aef90 JavaThread "Unconstrained build operations Thread 77" [_thread_blocked, id=20432, stack(0x0000005847b00000,0x0000005847c00000)]
  0x00000221c86b1610 JavaThread "Unconstrained build operations Thread 78" [_thread_blocked, id=22636, stack(0x0000005847c00000,0x0000005847d00000)]
  0x00000221c86b1140 JavaThread "Unconstrained build operations Thread 79" [_thread_blocked, id=25200, stack(0x0000005847d00000,0x0000005847e00000)]
  0x00000221c86b1fb0 JavaThread "Unconstrained build operations Thread 80" [_thread_blocked, id=26840, stack(0x0000005848000000,0x0000005848100000)]
  0x00000221c86b2480 JavaThread "Unconstrained build operations Thread 81" [_thread_blocked, id=30112, stack(0x0000005848100000,0x0000005848200000)]
  0x00000221c86b07a0 JavaThread "Unconstrained build operations Thread 82" [_thread_blocked, id=28392, stack(0x0000005848200000,0x0000005848300000)]
  0x00000221c86af460 JavaThread "Unconstrained build operations Thread 83" [_thread_blocked, id=14956, stack(0x0000005848300000,0x0000005848400000)]
  0x00000221c86b0c70 JavaThread "Unconstrained build operations Thread 84" [_thread_blocked, id=27040, stack(0x0000005848400000,0x0000005848500000)]
  0x00000221c86aeac0 JavaThread "Unconstrained build operations Thread 85" [_thread_blocked, id=28296, stack(0x0000005848500000,0x0000005848600000)]
  0x00000221c86b1ae0 JavaThread "Unconstrained build operations Thread 86" [_thread_blocked, id=26252, stack(0x0000005848600000,0x0000005848700000)]
  0x00000221c86b2e20 JavaThread "Unconstrained build operations Thread 87" [_thread_blocked, id=29468, stack(0x0000005848700000,0x0000005848800000)]
  0x00000221c86b2950 JavaThread "Unconstrained build operations Thread 88" [_thread_blocked, id=19868, stack(0x0000005848800000,0x0000005848900000)]
  0x00000221c86b32f0 JavaThread "Unconstrained build operations Thread 89" [_thread_blocked, id=24996, stack(0x0000005848900000,0x0000005848a00000)]
  0x00000221c86b3c90 JavaThread "Unconstrained build operations Thread 90" [_thread_blocked, id=22484, stack(0x0000005848a00000,0x0000005848b00000)]
  0x00000221c86b4630 JavaThread "Unconstrained build operations Thread 91" [_thread_blocked, id=24944, stack(0x0000005848b00000,0x0000005848c00000)]
  0x00000221c86b4b00 JavaThread "Unconstrained build operations Thread 92" [_thread_blocked, id=28108, stack(0x0000005848c00000,0x0000005848d00000)]
  0x00000221c86b37c0 JavaThread "Unconstrained build operations Thread 93" [_thread_blocked, id=26992, stack(0x0000005848d00000,0x0000005848e00000)]
  0x00000221d82b0ee0 JavaThread "Unconstrained build operations Thread 94" [_thread_blocked, id=18936, stack(0x0000005848e00000,0x0000005848f00000)]
  0x00000221d82b13b0 JavaThread "Kotlin DSL Writer" [_thread_blocked, id=28800, stack(0x0000005844c00000,0x0000005844d00000)]
  0x00000221d82bd900 JavaThread "build event listener" [_thread_blocked, id=11816, stack(0x0000005846600000,0x0000005846700000)]
  0x00000221c3cfb530 JavaThread "jar transforms" [_thread_blocked, id=12968, stack(0x0000005849200000,0x0000005849300000)]
  0x00000221c8efafc0 JavaThread "jar transforms Thread 2" [_thread_blocked, id=1244, stack(0x0000005849500000,0x0000005849600000)]
  0x00000221c8efc300 JavaThread "Problems report writer" [_thread_blocked, id=22096, stack(0x0000005849400000,0x0000005849500000)]
  0x00000221c86afe00 JavaThread "jar transforms Thread 3" [_thread_blocked, id=27392, stack(0x0000005849700000,0x0000005849800000)]
  0x00000221d82b1880 JavaThread "jar transforms Thread 4" [_thread_blocked, id=14040, stack(0x0000005849800000,0x0000005849900000)]
  0x00000221de104ee0 JavaThread "jar transforms Thread 5" [_thread_blocked, id=26828, stack(0x0000005849900000,0x0000005849a00000)]
  0x00000221de104540 JavaThread "jar transforms Thread 6" [_thread_blocked, id=30044, stack(0x0000005848f00000,0x0000005849000000)]
  0x00000221de1066f0 JavaThread "jar transforms Thread 7" [_thread_blocked, id=27176, stack(0x0000005847e00000,0x0000005847f00000)]
  0x00000221de1053b0 JavaThread "jar transforms Thread 8" [_thread_blocked, id=19632, stack(0x0000005849a00000,0x0000005849b00000)]
  0x00000221de106bc0 JavaThread "jar transforms Thread 9" [_thread_blocked, id=27600, stack(0x0000005849b00000,0x0000005849c00000)]
  0x00000221de103200 JavaThread "jar transforms Thread 10" [_thread_blocked, id=5212, stack(0x0000005849c00000,0x0000005849d00000)]
  0x00000221de1036d0 JavaThread "Unconstrained build operations Thread 95" [_thread_blocked, id=16436, stack(0x0000005849000000,0x0000005849100000)]
  0x00000221de105880 JavaThread "Unconstrained build operations Thread 96" [_thread_blocked, id=19636, stack(0x0000005849100000,0x0000005849200000)]
  0x00000221de105d50 JavaThread "Unconstrained build operations Thread 97" [_thread_blocked, id=29344, stack(0x0000005849600000,0x0000005849700000)]
  0x00000221de104070 JavaThread "Unconstrained build operations Thread 98" [_thread_blocked, id=24752, stack(0x0000005849e00000,0x0000005849f00000)]
  0x00000221de106220 JavaThread "Unconstrained build operations Thread 99" [_thread_blocked, id=24448, stack(0x0000005849f00000,0x000000584a000000)]
  0x00000221de107560 JavaThread "Unconstrained build operations Thread 100" [_thread_blocked, id=26440, stack(0x000000584a000000,0x000000584a100000)]
  0x00000221de103ba0 JavaThread "Unconstrained build operations Thread 101" [_thread_blocked, id=11944, stack(0x000000584a100000,0x000000584a200000)]
  0x00000221de107a30 JavaThread "Unconstrained build operations Thread 102" [_thread_blocked, id=11672, stack(0x000000584a200000,0x000000584a300000)]
  0x00000221de109710 JavaThread "Unconstrained build operations Thread 103" [_thread_blocked, id=26560, stack(0x000000584a300000,0x000000584a400000)]
  0x00000221de1083d0 JavaThread "Unconstrained build operations Thread 104" [_thread_blocked, id=24452, stack(0x000000584a400000,0x000000584a500000)]
  0x00000221de108d70 JavaThread "Unconstrained build operations Thread 105" [_thread_blocked, id=24676, stack(0x000000584a500000,0x000000584a600000)]
  0x00000221de10aa50 JavaThread "Unconstrained build operations Thread 106" [_thread_blocked, id=29876, stack(0x000000584a600000,0x000000584a700000)]
  0x00000221de107f00 JavaThread "Unconstrained build operations Thread 107" [_thread_blocked, id=29932, stack(0x000000584a700000,0x000000584a800000)]
  0x00000221de109be0 JavaThread "Unconstrained build operations Thread 108" [_thread_blocked, id=28560, stack(0x000000584a800000,0x000000584a900000)]
  0x00000221de10af20 JavaThread "Unconstrained build operations Thread 109" [_thread_blocked, id=29848, stack(0x000000584a900000,0x000000584aa00000)]
  0x00000221de109240 JavaThread "Unconstrained build operations Thread 110" [_thread_blocked, id=28632, stack(0x000000584ac00000,0x000000584ad00000)]
  0x00000221de10c260 JavaThread "Unconstrained build operations Thread 111" [_thread_blocked, id=15560, stack(0x000000584ad00000,0x000000584ae00000)]
  0x00000221de1088a0 JavaThread "Unconstrained build operations Thread 112" [_thread_blocked, id=10604, stack(0x000000584ae00000,0x000000584af00000)]
  0x00000221de10a580 JavaThread "Unconstrained build operations Thread 113" [_thread_blocked, id=29380, stack(0x000000584af00000,0x000000584b000000)]
  0x00000221de10d5a0 JavaThread "Unconstrained build operations Thread 114" [_thread_blocked, id=29272, stack(0x000000584b000000,0x000000584b100000)]
  0x00000221de10da70 JavaThread "Unconstrained build operations Thread 115" [_thread_blocked, id=1948, stack(0x000000584b100000,0x000000584b200000)]
  0x00000221de10bd90 JavaThread "Unconstrained build operations Thread 116" [_thread_blocked, id=20240, stack(0x000000584b200000,0x000000584b300000)]
  0x00000221de10b3f0 JavaThread "Unconstrained build operations Thread 117" [_thread_blocked, id=28440, stack(0x000000584b300000,0x000000584b400000)]
  0x00000221de10b8c0 JavaThread "Unconstrained build operations Thread 118" [_thread_blocked, id=27284, stack(0x000000584b400000,0x000000584b500000)]
  0x00000221de10cc00 JavaThread "Unconstrained build operations Thread 119" [_thread_blocked, id=24028, stack(0x000000584b500000,0x000000584b600000)]
  0x00000221de10c730 JavaThread "Unconstrained build operations Thread 120" [_thread_blocked, id=29240, stack(0x000000584b600000,0x000000584b700000)]
  0x00000221de10d0d0 JavaThread "Unconstrained build operations Thread 121" [_thread_blocked, id=29000, stack(0x000000584b700000,0x000000584b800000)]
  0x00000221de10a0b0 JavaThread "Unconstrained build operations Thread 122" [_thread_blocked, id=18328, stack(0x000000584b800000,0x000000584b900000)]
  0x00000221de110a90 JavaThread "Unconstrained build operations Thread 123" [_thread_blocked, id=1632, stack(0x000000584b900000,0x000000584ba00000)]
  0x00000221de10e410 JavaThread "Unconstrained build operations Thread 124" [_thread_blocked, id=27632, stack(0x000000584ba00000,0x000000584bb00000)]
  0x00000221de10fc20 JavaThread "included builds Thread 2" [_thread_blocked, id=10880, stack(0x000000584ab00000,0x000000584ac00000)]
  0x00000221de111900 JavaThread "Cache worker for execution history cache (C:\Users\khali\Desktop\prog\ejarz_pro_flutter\ejarz_pro\android\.gradle\8.12\executionHistory)" [_thread_blocked, id=19608, stack(0x000000584bb00000,0x000000584bc00000)]
  0x00000221c86b4160 JavaThread "WorkerExecutor Queue Thread 3" [_thread_blocked, id=23432, stack(0x000000584ca00000,0x000000584cb00000)]
  0x00000221c20392f0 JavaThread "WorkerExecutor Queue Thread 4" [_thread_blocked, id=24720, stack(0x000000584cb00000,0x000000584cc00000)]
  0x00000221de5a4c60 JavaThread "WorkerExecutor Queue Thread 6" [_thread_blocked, id=22032, stack(0x000000584cd00000,0x000000584ce00000)]
  0x00000221de5a42c0 JavaThread "WorkerExecutor Queue Thread 8" [_thread_blocked, id=19540, stack(0x000000584d000000,0x000000584d100000)]
  0x00000221de5a1770 JavaThread "Unconstrained build operations Thread 125" [_thread_blocked, id=29104, stack(0x000000584d100000,0x000000584d200000)]
  0x00000221de5a1c40 JavaThread "Unconstrained build operations Thread 126" [_thread_blocked, id=24012, stack(0x000000584d200000,0x000000584d300000)]
  0x00000221de5a5600 JavaThread "Unconstrained build operations Thread 127" [_thread_blocked, id=26132, stack(0x000000584d300000,0x000000584d400000)]
  0x00000221de5a5fa0 JavaThread "Unconstrained build operations Thread 128" [_thread_blocked, id=8020, stack(0x000000584d400000,0x000000584d500000)]
  0x00000221de5a5ad0 JavaThread "Unconstrained build operations Thread 129" [_thread_blocked, id=30144, stack(0x000000584d500000,0x000000584d600000)]
  0x00000221de5a25e0 JavaThread "Unconstrained build operations Thread 130" [_thread_blocked, id=10868, stack(0x000000584d700000,0x000000584d800000)]
  0x00000221de5a3450 JavaThread "Unconstrained build operations Thread 131" [_thread_blocked, id=25520, stack(0x000000584d800000,0x000000584d900000)]
  0x00000221de5a2ab0 JavaThread "Unconstrained build operations Thread 132" [_thread_blocked, id=1860, stack(0x000000584d900000,0x000000584da00000)]
  0x00000221de5a4790 JavaThread "Unconstrained build operations Thread 133" [_thread_blocked, id=23516, stack(0x000000584da00000,0x000000584db00000)]
  0x00000221de5a6470 JavaThread "Unconstrained build operations Thread 134" [_thread_blocked, id=30436, stack(0x000000584db00000,0x000000584dc00000)]
  0x00000221de5a6940 JavaThread "Unconstrained build operations Thread 135" [_thread_blocked, id=7372, stack(0x000000584dc00000,0x000000584dd00000)]
  0x00000221de5a6e10 JavaThread "Unconstrained build operations Thread 136" [_thread_blocked, id=13980, stack(0x000000584dd00000,0x000000584de00000)]
  0x00000221de5a72e0 JavaThread "Unconstrained build operations Thread 137" [_thread_blocked, id=15908, stack(0x000000584de00000,0x000000584df00000)]
  0x00000221de5a3920 JavaThread "Unconstrained build operations Thread 138" [_thread_blocked, id=11996, stack(0x000000584df00000,0x000000584e000000)]
  0x00000221de5a77b0 JavaThread "Unconstrained build operations Thread 139" [_thread_blocked, id=30276, stack(0x000000584e000000,0x000000584e100000)]
  0x00000221de5a8af0 JavaThread "WorkerExecutor Queue Thread 9" [_thread_blocked, id=29788, stack(0x0000005840600000,0x0000005840700000)]
  0x00000221de5a5130 JavaThread "Unconstrained build operations Thread 140" [_thread_blocked, id=20448, stack(0x000000584cc00000,0x000000584cd00000)]
  0x00000221de5a8fc0 JavaThread "Unconstrained build operations Thread 141" [_thread_blocked, id=26836, stack(0x000000584ce00000,0x000000584cf00000)]
  0x00000221de5a9490 JavaThread "Unconstrained build operations Thread 142" [_thread_blocked, id=30168, stack(0x000000584d600000,0x000000584d700000)]
  0x00000221de5ad320 JavaThread "Unconstrained build operations Thread 143" [_thread_blocked, id=25196, stack(0x000000584e100000,0x000000584e200000)]
  0x00000221de5ace50 JavaThread "WorkerExecutor Queue Thread 10" [_thread_blocked, id=21284, stack(0x000000584e900000,0x000000584ea00000)]
  0x00000221de5abb10 JavaThread "WorkerExecutor Queue Thread 14" [_thread_blocked, id=15372, stack(0x000000584ed00000,0x000000584ee00000)]
  0x00000221de5aaca0 JavaThread "WorkerExecutor Queue Thread 15" [_thread_blocked, id=24748, stack(0x000000584ee00000,0x000000584ef00000)]
  0x00000221de5abfe0 JavaThread "Unconstrained build operations Thread 144" [_thread_blocked, id=12740, stack(0x000000584ef00000,0x000000584f000000)]
  0x00000221de5ab640 JavaThread "Unconstrained build operations Thread 145" [_thread_blocked, id=29404, stack(0x000000584f000000,0x000000584f100000)]
  0x00000221de5ab170 JavaThread "Unconstrained build operations Thread 146" [_thread_blocked, id=25000, stack(0x000000584f100000,0x000000584f200000)]
  0x00000221de5aa300 JavaThread "Unconstrained build operations Thread 147" [_thread_blocked, id=28276, stack(0x000000584f200000,0x000000584f300000)]
  0x00000221de5ac4b0 JavaThread "Unconstrained build operations Thread 148" [_thread_blocked, id=28948, stack(0x000000584e700000,0x000000584e800000)]
  0x00000221de5a9e30 JavaThread "Unconstrained build operations Thread 149" [_thread_blocked, id=27640, stack(0x000000584f300000,0x000000584f400000)]
  0x00000221de5adcc0 JavaThread "Unconstrained build operations Thread 150" [_thread_blocked, id=25308, stack(0x000000584f400000,0x000000584f500000)]
  0x00000221de5aeb30 JavaThread "Unconstrained build operations Thread 151" [_thread_blocked, id=19964, stack(0x000000584f500000,0x000000584f600000)]
  0x00000221de5ae190 JavaThread "Unconstrained build operations Thread 152" [_thread_blocked, id=5680, stack(0x000000584f600000,0x000000584f700000)]
  0x00000221de5afe70 JavaThread "Unconstrained build operations Thread 153" [_thread_blocked, id=15212, stack(0x000000584f700000,0x000000584f800000)]
  0x00000221de5b0340 JavaThread "Unconstrained build operations Thread 154" [_thread_blocked, id=19224, stack(0x000000584f800000,0x000000584f900000)]
  0x00000221de5af4d0 JavaThread "Unconstrained build operations Thread 155" [_thread_blocked, id=10252, stack(0x000000584f900000,0x000000584fa00000)]
  0x00000221de5af9a0 JavaThread "Unconstrained build operations Thread 156" [_thread_blocked, id=27972, stack(0x000000584fa00000,0x000000584fb00000)]
  0x00000221de5ae660 JavaThread "Unconstrained build operations Thread 157" [_thread_blocked, id=11176, stack(0x000000584fb00000,0x000000584fc00000)]
  0x00000221de5b0810 JavaThread "Unconstrained build operations Thread 158" [_thread_blocked, id=30076, stack(0x000000584fc00000,0x000000584fd00000)]
  0x00000221de5b0ce0 JavaThread "Unconstrained build operations Thread 159" [_thread_blocked, id=12188, stack(0x000000584fd00000,0x000000584fe00000)]
  0x00000221de5b11b0 JavaThread "Unconstrained build operations Thread 160" [_thread_blocked, id=25116, stack(0x000000584fe00000,0x000000584ff00000)]
  0x00000221d82bb280 JavaThread "Cache worker for Java compile cache (C:\Users\khali\.gradle\caches\8.12\javaCompile)" [_thread_blocked, id=14388, stack(0x0000005849d00000,0x0000005849e00000)]
  0x00000221d7d51750 JavaThread "Build operations" [_thread_blocked, id=29736, stack(0x000000584ff00000,0x0000005850000000)]
  0x00000221d7d50db0 JavaThread "Build operations Thread 2" [_thread_blocked, id=10180, stack(0x0000005850000000,0x0000005850100000)]
  0x00000221d7d53900 JavaThread "Build operations Thread 3" [_thread_blocked, id=21492, stack(0x0000005850100000,0x0000005850200000)]
  0x00000221d7d51c20 JavaThread "Build operations Thread 4" [_thread_blocked, id=24244, stack(0x0000005850200000,0x0000005850300000)]
  0x00000221d7d53430 JavaThread "Build operations Thread 5" [_thread_blocked, id=7828, stack(0x0000005850300000,0x0000005850400000)]
  0x00000221d7d525c0 JavaThread "Build operations Thread 6" [_thread_blocked, id=27492, stack(0x0000005850400000,0x0000005850500000)]
  0x00000221d7d53dd0 JavaThread "Build operations Thread 7" [_thread_blocked, id=2060, stack(0x0000005850500000,0x0000005850600000)]
  0x00000221d7d50410 JavaThread "Build operations Thread 8" [_thread_blocked, id=19616, stack(0x0000005850600000,0x0000005850700000)]
  0x00000221d7d51280 JavaThread "Build operations Thread 9" [_thread_blocked, id=19944, stack(0x0000005850700000,0x0000005850800000)]
  0x00000221d7d55110 JavaThread "Build operations Thread 10" [_thread_blocked, id=25468, stack(0x0000005850800000,0x0000005850900000)]
  0x00000221d7d57790 JavaThread "Build operations Thread 11" [_thread_blocked, id=22844, stack(0x0000005850900000,0x0000005850a00000)]
  0x00000221d7d56920 JavaThread "Build operations Thread 12" [_thread_blocked, id=28972, stack(0x0000005850a00000,0x0000005850b00000)]
  0x00000221d7d54770 JavaThread "Build operations Thread 13" [_thread_blocked, id=27240, stack(0x0000005850b00000,0x0000005850c00000)]
  0x00000221d7d555e0 JavaThread "Build operations Thread 14" [_thread_blocked, id=29244, stack(0x0000005850c00000,0x0000005850d00000)]
  0x00000221d7d572c0 JavaThread "Build operations Thread 15" [_thread_blocked, id=24032, stack(0x0000005850d00000,0x0000005850e00000)]
  0x00000221d7d55f80 JavaThread "WorkerExecutor Queue Thread 17" [_thread_blocked, id=29028, stack(0x0000005850e00000,0x0000005850f00000)]
  0x00000221d7d55ab0 JavaThread "WorkerExecutor Queue Thread 18" [_thread_blocked, id=27624, stack(0x0000005850f00000,0x0000005851000000)]
  0x00000221d7d5d7d0 JavaThread "Build operations Thread 16" [_thread_blocked, id=2640, stack(0x000000584e500000,0x000000584e600000)]
  0x00000221d7d5f980 JavaThread "WorkerExecutor Queue Thread 19" [_thread_blocked, id=28268, stack(0x0000005847f00000,0x0000005848000000)]
  0x00000221e1153630 JavaThread "pool-5-thread-1" [_thread_blocked, id=28364, stack(0x0000005851f00000,0x0000005852000000)]
  0x00000221cfa106c0 JavaThread "stderr" [_thread_in_native, id=25104, stack(0x000000584cf00000,0x000000584d000000)]
  0x00000221cfa101f0 JavaThread "stdout" [_thread_in_native, id=20832, stack(0x000000584e400000,0x000000584e500000)]
  0x00000221e1126aa0 JavaThread "stderr" [_thread_in_native, id=19236, stack(0x000000584e600000,0x000000584e700000)]
  0x00000221e1127440 JavaThread "stdout" [_thread_in_native, id=4200, stack(0x000000584e800000,0x000000584e900000)]
  0x00000221de7a0e10 JavaThread "stderr" [_thread_in_native, id=11272, stack(0x0000005851000000,0x0000005851100000)]
  0x00000221de79f600 JavaThread "stdout" [_thread_in_native, id=26600, stack(0x0000005851100000,0x0000005851200000)]
  0x00000221ddddf790 JavaThread "stderr" [_thread_in_native, id=28352, stack(0x0000005851300000,0x0000005851400000)]
  0x00000221ddde0600 JavaThread "stdout" [_thread_in_native, id=29636, stack(0x0000005851400000,0x0000005851500000)]
  0x00000221e14ed140 JavaThread "stderr" [_thread_in_native, id=25652, stack(0x0000005851500000,0x0000005851600000)]
  0x00000221e14ed610 JavaThread "stdout" [_thread_in_native, id=13856, stack(0x0000005851600000,0x0000005851700000)]
  0x00000221d86c19c0 JavaThread "stderr" [_thread_in_native, id=18068, stack(0x0000005851700000,0x0000005851800000)]
  0x00000221d86c1e90 JavaThread "stdout" [_thread_in_native, id=27056, stack(0x0000005851800000,0x0000005851900000)]
  0x00000221ced7abc0 JavaThread "stderr" [_thread_in_native, id=27588, stack(0x0000005852000000,0x0000005852100000)]
  0x00000221ced793b0 JavaThread "stdout" [_thread_in_native, id=19048, stack(0x0000005852100000,0x0000005852200000)]
  0x00000221dd140d30 JavaThread "stderr" [_thread_in_native, id=28408, stack(0x0000005852200000,0x0000005852300000)]
  0x00000221dd1416d0 JavaThread "stdout" [_thread_in_native, id=25216, stack(0x0000005852300000,0x0000005852400000)]
  0x00000221e11522f0 JavaThread "RMI Scheduler(0)" daemon [_thread_blocked, id=30104, stack(0x0000005851a00000,0x0000005851b00000)]
  0x00000221dd142070 JavaThread "RMI GC Daemon" daemon [_thread_blocked, id=28380, stack(0x0000005851c00000,0x0000005851d00000)]
  0x00000221dd142540 JavaThread "RMI TCP Accept-0" daemon [_thread_in_native, id=28432, stack(0x0000005851d00000,0x0000005851e00000)]
  0x00000221df4e8180 JavaThread "RMI Reaper" [_thread_blocked, id=25616, stack(0x0000005851e00000,0x0000005851f00000)]
  0x00000221df4e7310 JavaThread "WorkerExecutor Queue Thread 20" [_thread_blocked, id=5880, stack(0x0000005851900000,0x0000005851a00000)]
  0x00000221dfd5bec0 JavaThread "WorkerExecutor Queue Thread 23" [_thread_blocked, id=24768, stack(0x0000005851b00000,0x0000005851c00000)]
  0x00000221ddde0130 JavaThread "ForkJoinPool-3-worker-1" daemon [_thread_blocked, id=19736, stack(0x0000005852600000,0x0000005852700000)]
  0x00000221e1150140 JavaThread "ForkJoinPool-3-worker-2" daemon [_thread_blocked, id=20772, stack(0x0000005852700000,0x0000005852800000)]
  0x00000221e0b81870 JavaThread "ForkJoinPool-3-worker-3" daemon [_thread_blocked, id=26968, stack(0x0000005852800000,0x0000005852900000)]
  0x00000221e1938100 JavaThread "ForkJoinPool-3-worker-4" daemon [_thread_blocked, id=30552, stack(0x0000005852900000,0x0000005852a00000)]
  0x00000221ced79d50 JavaThread "ForkJoinPool-3-worker-5" daemon [_thread_blocked, id=30116, stack(0x0000005852a00000,0x0000005852b00000)]
  0x00000221e0b813a0 JavaThread "ForkJoinPool-3-worker-6" daemon [_thread_blocked, id=22084, stack(0x0000005852b00000,0x0000005852c00000)]
  0x00000221e0b80060 JavaThread "ForkJoinPool-3-worker-7" daemon [_thread_blocked, id=8496, stack(0x0000005852c00000,0x0000005852d00000)]
  0x00000221e01fbaa0 JavaThread "ForkJoinPool-3-worker-8" daemon [_thread_blocked, id=29428, stack(0x0000005852d00000,0x0000005852e00000)]
  0x00000221e111c600 JavaThread "WorkerExecutor Queue Thread 24" [_thread_blocked, id=22372, stack(0x000000584be00000,0x000000584bf00000)]
  0x00000221d867fed0 JavaThread "Periodic tasks thread" daemon [_thread_blocked, id=23652, stack(0x000000584ea00000,0x000000584eb00000)]
  0x00000221d867f530 JavaThread "ApplicationImpl pooled thread 1" [_thread_blocked, id=10688, stack(0x0000005852400000,0x0000005852500000)]
  0x00000221e1934c10 JavaThread "ForkJoinPool.commonPool-worker-1" daemon [_thread_blocked, id=26588, stack(0x0000005852500000,0x0000005852600000)]
  0x00000221ef5ef4e0 JavaThread "Java2D Disposer" daemon [_thread_blocked, id=23736, stack(0x0000005852e00000,0x0000005852f00000)]
  0x00000221ef5eeb40 JavaThread "AWT-Windows" daemon [_thread_in_native, id=10860, stack(0x0000005853000000,0x0000005853100000)]
  0x00000221ded46580 JavaThread "WorkerExecutor Queue Thread 25" [_thread_blocked, id=29124, stack(0x0000005853400000,0x0000005853500000)]
  0x00000221dd7a8f00 JavaThread "C2 CompilerThread1" daemon [_thread_blocked, id=11716, stack(0x000000584bc00000,0x000000584bd00000)]
  0x00000221e048f9f0 JavaThread "C2 CompilerThread2" daemon [_thread_blocked, id=22840, stack(0x000000584bd00000,0x000000584be00000)]

Other Threads:
=>0x000002217c582010 VMThread "VM Thread" [stack: 0x000000583eb00000,0x000000583ec00000] [id=27412]
  0x000002217c809660 WatcherThread [stack: 0x000000583f900000,0x000000583fa00000] [id=13192]
  0x000002214e296dc0 GCTaskThread "GC Thread#0" [stack: 0x000000583e600000,0x000000583e700000] [id=5640]
  0x000002217c870aa0 GCTaskThread "GC Thread#1" [stack: 0x000000583fc00000,0x000000583fd00000] [id=7936]
  0x00000221c2167720 GCTaskThread "GC Thread#2" [stack: 0x000000583fd00000,0x000000583fe00000] [id=27940]
  0x00000221c2ce4710 GCTaskThread "GC Thread#3" [stack: 0x000000583ff00000,0x0000005840000000] [id=15804]
  0x00000221c2e96dd0 GCTaskThread "GC Thread#4" [stack: 0x0000005840000000,0x0000005840100000] [id=28888]
  0x000002217c8a37d0 GCTaskThread "GC Thread#5" [stack: 0x0000005840900000,0x0000005840a00000] [id=23348]
  0x000002217c755360 GCTaskThread "GC Thread#6" [stack: 0x0000005840a00000,0x0000005840b00000] [id=27140]
  0x00000221c363e8b0 GCTaskThread "GC Thread#7" [stack: 0x0000005840b00000,0x0000005840c00000] [id=18128]
  0x00000221c2f41020 GCTaskThread "GC Thread#8" [stack: 0x0000005840c00000,0x0000005840d00000] [id=21032]
  0x00000221c3165120 GCTaskThread "GC Thread#9" [stack: 0x0000005840d00000,0x0000005840e00000] [id=13612]
  0x00000221c30723e0 GCTaskThread "GC Thread#10" [stack: 0x0000005840e00000,0x0000005840f00000] [id=10980]
  0x00000221c3071e60 GCTaskThread "GC Thread#11" [stack: 0x0000005840f00000,0x0000005841000000] [id=12536]
  0x00000221c3071360 GCTaskThread "GC Thread#12" [stack: 0x0000005841000000,0x0000005841100000] [id=11844]
  0x000002214e2a7ac0 ConcurrentGCThread "G1 Main Marker" [stack: 0x000000583e700000,0x000000583e800000] [id=2940]
  0x000002214e2a8df0 ConcurrentGCThread "G1 Conc#0" [stack: 0x000000583e800000,0x000000583e900000] [id=29768]
  0x00000221c30718e0 ConcurrentGCThread "G1 Conc#1" [stack: 0x0000005841700000,0x0000005841800000] [id=5168]
  0x00000221c30726a0 ConcurrentGCThread "G1 Conc#2" [stack: 0x0000005841800000,0x0000005841900000] [id=29620]
  0x000002217b600a20 ConcurrentGCThread "G1 Refine#0" [stack: 0x000000583e900000,0x000000583ea00000] [id=29268]
  0x00000221c6c61890 ConcurrentGCThread "G1 Refine#1" [stack: 0x000000584bf00000,0x000000584c000000] [id=19504]
  0x00000221c465fc10 ConcurrentGCThread "G1 Refine#2" [stack: 0x000000584c000000,0x000000584c100000] [id=10200]
  0x00000221cf36e380 ConcurrentGCThread "G1 Refine#3" [stack: 0x000000584c100000,0x000000584c200000] [id=7832]
  0x00000221c78a7e70 ConcurrentGCThread "G1 Refine#4" [stack: 0x000000584c200000,0x000000584c300000] [id=2220]
  0x00000221c78a8160 ConcurrentGCThread "G1 Refine#5" [stack: 0x000000584c300000,0x000000584c400000] [id=20256]
  0x00000221c6f4d070 ConcurrentGCThread "G1 Refine#6" [stack: 0x000000584c400000,0x000000584c500000] [id=8040]
  0x00000221c5253520 ConcurrentGCThread "G1 Refine#7" [stack: 0x000000584c500000,0x000000584c600000] [id=7916]
  0x00000221c6062060 ConcurrentGCThread "G1 Refine#8" [stack: 0x000000584c600000,0x000000584c700000] [id=19752]
  0x00000221c6643120 ConcurrentGCThread "G1 Refine#9" [stack: 0x000000584c700000,0x000000584c800000] [id=27264]
  0x00000221c24d1130 ConcurrentGCThread "G1 Refine#10" [stack: 0x000000584c800000,0x000000584c900000] [id=19544]
  0x00000221c46601f0 ConcurrentGCThread "G1 Refine#11" [stack: 0x000000584c900000,0x000000584ca00000] [id=22524]
  0x00000221e0fffe90 ConcurrentGCThread "G1 Refine#12" [stack: 0x000000583e400000,0x000000583e500000] [id=29820]
  0x000002217b602110 ConcurrentGCThread "G1 Service" [stack: 0x000000583ea00000,0x000000583eb00000] [id=29184]

Threads with active compile tasks:
C2 CompilerThread0   660181 82441       4       com.android.tools.r8.internal.yX::b (643 bytes)
C1 CompilerThread0   660181 82509       2       com.android.tools.r8.internal.qe0::a (50 bytes)
C2 CompilerThread1   660181 81649       4       com.android.tools.r8.internal.Ve::b (723 bytes)
C2 CompilerThread2   660181 82452       4       com.android.tools.r8.internal.Uv0::a (76 bytes)

VM state: at safepoint (normal execution)

VM Mutex/Monitor currently owned by a thread:  ([mutex/lock_event])
[0x000002214e1e3ef0] Threads_lock - owner thread: 0x000002217c582010
[0x000002214e1e39e0] Heap_lock - owner thread: 0x00000221ddde0130

Heap address: 0x0000000600000000, size: 8192 MB, Compressed Oops mode: Zero based, Oop shift amount: 3

CDS archive(s) mapped at: [0x000002217d000000-0x000002217dbd0000-0x000002217dbd0000), size 12386304, SharedBaseAddress: 0x000002217d000000, ArchiveRelocationMode: 1.
Compressed class space mapped at: 0x000002217e000000-0x00000221be000000, reserved size: 1073741824
Narrow klass base: 0x000002217d000000, Narrow klass shift: 0, Narrow klass range: 0x100000000

GC Precious Log:
 CPUs: 16 total, 16 available
 Memory: 7517M
 Large Page Support: Disabled
 NUMA Support: Disabled
 Compressed Oops: Enabled (Zero based)
 Heap Region Size: 4M
 Heap Min Capacity: 8M
 Heap Initial Capacity: 120M
 Heap Max Capacity: 8G
 Pre-touch: Disabled
 Parallel Workers: 13
 Concurrent Workers: 3
 Concurrent Refinement Workers: 13
 Periodic GC: Disabled

Heap:
 garbage-first heap   total 4857856K, used 911242K [0x0000000600000000, 0x0000000800000000)
  region size 4096K, 5 young (20480K), 5 survivors (20480K)
 Metaspace       used 464917K, committed 467392K, reserved 1507328K
  class space    used 58113K, committed 59328K, reserved 1048576K

Heap Regions: E=young(eden), S=young(survivor), O=old, HS=humongous(starts), HC=humongous(continues), CS=collection set, F=free, OA=open archive, CA=closed archive, TAMS=top-at-mark-start (previous, next)
|   0|0x0000000600000000, 0x0000000600400000, 0x0000000600400000|100%|HS|  |TAMS 0x0000000600400000, 0x0000000600000000| Complete 
|   1|0x0000000600400000, 0x0000000600800000, 0x0000000600800000|100%| O|  |TAMS 0x0000000600800000, 0x0000000600400000| Untracked 
|   2|0x0000000600800000, 0x0000000600c00000, 0x0000000600c00000|100%| O|  |TAMS 0x0000000600c00000, 0x0000000600800000| Untracked 
|   3|0x0000000600c00000, 0x0000000601000000, 0x0000000601000000|100%| O|  |TAMS 0x0000000601000000, 0x0000000600c00000| Untracked 
|   4|0x0000000601000000, 0x00000006013d0800, 0x0000000601400000| 95%| O|  |TAMS 0x00000006013d0800, 0x0000000601000000| Untracked 
|   5|0x0000000601400000, 0x0000000601800000, 0x0000000601800000|100%| O|  |TAMS 0x0000000601800000, 0x0000000601400000| Untracked 
|   6|0x0000000601800000, 0x0000000601c00000, 0x0000000601c00000|100%| O|  |TAMS 0x0000000601c00000, 0x0000000601800000| Untracked 
|   7|0x0000000601c00000, 0x0000000602000000, 0x0000000602000000|100%| O|  |TAMS 0x0000000602000000, 0x0000000601c00000| Untracked 
|   8|0x0000000602000000, 0x0000000602400000, 0x0000000602400000|100%| O|  |TAMS 0x0000000602400000, 0x0000000602000000| Untracked 
|   9|0x0000000602400000, 0x0000000602800000, 0x0000000602800000|100%| O|  |TAMS 0x0000000602800000, 0x0000000602400000| Untracked 
|  10|0x0000000602800000, 0x0000000602c00000, 0x0000000602c00000|100%|HS|  |TAMS 0x0000000602c00000, 0x0000000602800000| Complete 
|  11|0x0000000602c00000, 0x0000000603000000, 0x0000000603000000|100%| O|  |TAMS 0x0000000603000000, 0x0000000602c00000| Untracked 
|  12|0x0000000603000000, 0x0000000603400000, 0x0000000603400000|100%| O|  |TAMS 0x0000000603400000, 0x0000000603000000| Untracked 
|  13|0x0000000603400000, 0x0000000603800000, 0x0000000603800000|100%|HS|  |TAMS 0x0000000603800000, 0x0000000603400000| Complete 
|  14|0x0000000603800000, 0x0000000603c00000, 0x0000000603c00000|100%| O|  |TAMS 0x0000000603c00000, 0x0000000603800000| Untracked 
|  15|0x0000000603c00000, 0x0000000604000000, 0x0000000604000000|100%| O|  |TAMS 0x0000000604000000, 0x0000000603c00000| Untracked 
|  16|0x0000000604000000, 0x0000000604400000, 0x0000000604400000|100%| O|  |TAMS 0x0000000604400000, 0x0000000604000000| Untracked 
|  17|0x0000000604400000, 0x0000000604800000, 0x0000000604800000|100%| O|  |TAMS 0x0000000604800000, 0x0000000604400000| Untracked 
|  18|0x0000000604800000, 0x0000000604c00000, 0x0000000604c00000|100%| O|  |TAMS 0x0000000604c00000, 0x0000000604800000| Untracked 
|  19|0x0000000604c00000, 0x0000000605000000, 0x0000000605000000|100%| O|  |TAMS 0x0000000605000000, 0x0000000604c00000| Untracked 
|  20|0x0000000605000000, 0x0000000605400000, 0x0000000605400000|100%| O|  |TAMS 0x0000000605400000, 0x0000000605000000| Untracked 
|  21|0x0000000605400000, 0x0000000605800000, 0x0000000605800000|100%| O|  |TAMS 0x0000000605800000, 0x0000000605400000| Untracked 
|  22|0x0000000605800000, 0x0000000605c00000, 0x0000000605c00000|100%| O|  |TAMS 0x0000000605c00000, 0x0000000605800000| Untracked 
|  23|0x0000000605c00000, 0x0000000606000000, 0x0000000606000000|100%| O|  |TAMS 0x0000000606000000, 0x0000000605c00000| Untracked 
|  24|0x0000000606000000, 0x0000000606400000, 0x0000000606400000|100%| O|  |TAMS 0x0000000606400000, 0x0000000606000000| Untracked 
|  25|0x0000000606400000, 0x0000000606800000, 0x0000000606800000|100%| O|  |TAMS 0x0000000606800000, 0x0000000606400000| Untracked 
|  26|0x0000000606800000, 0x0000000606c00000, 0x0000000606c00000|100%| O|  |TAMS 0x0000000606c00000, 0x0000000606800000| Untracked 
|  27|0x0000000606c00000, 0x0000000607000000, 0x0000000607000000|100%| O|  |TAMS 0x0000000607000000, 0x0000000606c00000| Untracked 
|  28|0x0000000607000000, 0x0000000607400000, 0x0000000607400000|100%| O|  |TAMS 0x0000000607400000, 0x0000000607000000| Untracked 
|  29|0x0000000607400000, 0x0000000607800000, 0x0000000607800000|100%| O|  |TAMS 0x0000000607800000, 0x0000000607400000| Untracked 
|  30|0x0000000607800000, 0x0000000607c00000, 0x0000000607c00000|100%| O|  |TAMS 0x0000000607c00000, 0x0000000607800000| Untracked 
|  31|0x0000000607c00000, 0x0000000608000000, 0x0000000608000000|100%| O|  |TAMS 0x0000000608000000, 0x0000000607c00000| Untracked 
|  32|0x0000000608000000, 0x0000000608400000, 0x0000000608400000|100%| O|  |TAMS 0x0000000608400000, 0x0000000608000000| Untracked 
|  33|0x0000000608400000, 0x0000000608800000, 0x0000000608800000|100%| O|  |TAMS 0x0000000608800000, 0x0000000608400000| Untracked 
|  34|0x0000000608800000, 0x0000000608c00000, 0x0000000608c00000|100%| O|  |TAMS 0x0000000608c00000, 0x0000000608800000| Untracked 
|  35|0x0000000608c00000, 0x0000000609000000, 0x0000000609000000|100%| O|  |TAMS 0x0000000609000000, 0x0000000608c00000| Untracked 
|  36|0x0000000609000000, 0x0000000609400000, 0x0000000609400000|100%| O|  |TAMS 0x0000000609400000, 0x0000000609000000| Untracked 
|  37|0x0000000609400000, 0x0000000609800000, 0x0000000609800000|100%| O|  |TAMS 0x0000000609800000, 0x0000000609400000| Untracked 
|  38|0x0000000609800000, 0x0000000609c00000, 0x0000000609c00000|100%| O|  |TAMS 0x0000000609800000, 0x0000000609800000| Untracked 
|  39|0x0000000609c00000, 0x000000060a000000, 0x000000060a000000|100%| O|  |TAMS 0x000000060a000000, 0x0000000609c00000| Untracked 
|  40|0x000000060a000000, 0x000000060a400000, 0x000000060a400000|100%| O|  |TAMS 0x000000060a000000, 0x000000060a000000| Untracked 
|  41|0x000000060a400000, 0x000000060a800000, 0x000000060a800000|100%| O|  |TAMS 0x000000060a800000, 0x000000060a400000| Untracked 
|  42|0x000000060a800000, 0x000000060ac00000, 0x000000060ac00000|100%| O|  |TAMS 0x000000060ac00000, 0x000000060a800000| Untracked 
|  43|0x000000060ac00000, 0x000000060b000000, 0x000000060b000000|100%| O|  |TAMS 0x000000060b000000, 0x000000060ac00000| Untracked 
|  44|0x000000060b000000, 0x000000060b400000, 0x000000060b400000|100%| O|  |TAMS 0x000000060b400000, 0x000000060b000000| Untracked 
|  45|0x000000060b400000, 0x000000060b800000, 0x000000060b800000|100%| O|  |TAMS 0x000000060b800000, 0x000000060b400000| Untracked 
|  46|0x000000060b800000, 0x000000060bc00000, 0x000000060bc00000|100%| O|  |TAMS 0x000000060bc00000, 0x000000060b800000| Untracked 
|  47|0x000000060bc00000, 0x000000060c000000, 0x000000060c000000|100%| O|  |TAMS 0x000000060c000000, 0x000000060bc00000| Untracked 
|  48|0x000000060c000000, 0x000000060c400000, 0x000000060c400000|100%| O|  |TAMS 0x000000060c400000, 0x000000060c000000| Untracked 
|  49|0x000000060c400000, 0x000000060c800000, 0x000000060c800000|100%| O|  |TAMS 0x000000060c800000, 0x000000060c400000| Untracked 
|  50|0x000000060c800000, 0x000000060cc00000, 0x000000060cc00000|100%| O|  |TAMS 0x000000060cc00000, 0x000000060c800000| Untracked 
|  51|0x000000060cc00000, 0x000000060d000000, 0x000000060d000000|100%| O|  |TAMS 0x000000060d000000, 0x000000060cc00000| Untracked 
|  52|0x000000060d000000, 0x000000060d400000, 0x000000060d400000|100%| O|  |TAMS 0x000000060d400000, 0x000000060d000000| Untracked 
|  53|0x000000060d400000, 0x000000060d800000, 0x000000060d800000|100%| O|  |TAMS 0x000000060d800000, 0x000000060d400000| Untracked 
|  54|0x000000060d800000, 0x000000060dc00000, 0x000000060dc00000|100%| O|  |TAMS 0x000000060dc00000, 0x000000060d800000| Untracked 
|  55|0x000000060dc00000, 0x000000060e000000, 0x000000060e000000|100%| O|  |TAMS 0x000000060e000000, 0x000000060dc00000| Untracked 
|  56|0x000000060e000000, 0x000000060e400000, 0x000000060e400000|100%| O|  |TAMS 0x000000060e400000, 0x000000060e000000| Untracked 
|  57|0x000000060e400000, 0x000000060e800000, 0x000000060e800000|100%| O|  |TAMS 0x000000060e800000, 0x000000060e400000| Untracked 
|  58|0x000000060e800000, 0x000000060ec00000, 0x000000060ec00000|100%| O|  |TAMS 0x000000060ec00000, 0x000000060e800000| Untracked 
|  59|0x000000060ec00000, 0x000000060f000000, 0x000000060f000000|100%| O|  |TAMS 0x000000060f000000, 0x000000060ec00000| Untracked 
|  60|0x000000060f000000, 0x000000060f400000, 0x000000060f400000|100%| O|  |TAMS 0x000000060f400000, 0x000000060f000000| Untracked 
|  61|0x000000060f400000, 0x000000060f800000, 0x000000060f800000|100%| O|  |TAMS 0x000000060f800000, 0x000000060f400000| Untracked 
|  62|0x000000060f800000, 0x000000060fc00000, 0x000000060fc00000|100%| O|  |TAMS 0x000000060fc00000, 0x000000060f800000| Untracked 
|  63|0x000000060fc00000, 0x0000000610000000, 0x0000000610000000|100%| O|  |TAMS 0x0000000610000000, 0x000000060fc00000| Untracked 
|  64|0x0000000610000000, 0x0000000610400000, 0x0000000610400000|100%| O|  |TAMS 0x0000000610400000, 0x0000000610000000| Untracked 
|  65|0x0000000610400000, 0x0000000610800000, 0x0000000610800000|100%| O|  |TAMS 0x0000000610800000, 0x0000000610400000| Untracked 
|  66|0x0000000610800000, 0x0000000610c00000, 0x0000000610c00000|100%| O|  |TAMS 0x0000000610c00000, 0x0000000610800000| Untracked 
|  67|0x0000000610c00000, 0x0000000611000000, 0x0000000611000000|100%|HS|  |TAMS 0x0000000611000000, 0x0000000610c00000| Complete 
|  68|0x0000000611000000, 0x0000000611400000, 0x0000000611400000|100%| O|  |TAMS 0x0000000611400000, 0x0000000611000000| Untracked 
|  69|0x0000000611400000, 0x0000000611800000, 0x0000000611800000|100%| O|  |TAMS 0x0000000611400000, 0x0000000611400000| Untracked 
|  70|0x0000000611800000, 0x0000000611c00000, 0x0000000611c00000|100%| O|  |TAMS 0x0000000611c00000, 0x0000000611800000| Untracked 
|  71|0x0000000611c00000, 0x0000000612000000, 0x0000000612000000|100%| O|  |TAMS 0x0000000612000000, 0x0000000611c00000| Untracked 
|  72|0x0000000612000000, 0x0000000612400000, 0x0000000612400000|100%| O|  |TAMS 0x0000000612400000, 0x0000000612000000| Untracked 
|  73|0x0000000612400000, 0x0000000612800000, 0x0000000612800000|100%| O|  |TAMS 0x0000000612800000, 0x0000000612400000| Untracked 
|  74|0x0000000612800000, 0x0000000612c00000, 0x0000000612c00000|100%| O|  |TAMS 0x0000000612c00000, 0x0000000612800000| Untracked 
|  75|0x0000000612c00000, 0x0000000613000000, 0x0000000613000000|100%| O|  |TAMS 0x0000000613000000, 0x0000000612c00000| Untracked 
|  76|0x0000000613000000, 0x0000000613400000, 0x0000000613400000|100%| O|  |TAMS 0x0000000613000000, 0x0000000613000000| Untracked 
|  77|0x0000000613400000, 0x0000000613800000, 0x0000000613800000|100%| O|  |TAMS 0x0000000613400000, 0x0000000613400000| Untracked 
|  78|0x0000000613800000, 0x0000000613c00000, 0x0000000613c00000|100%| O|  |TAMS 0x0000000613c00000, 0x0000000613800000| Untracked 
|  79|0x0000000613c00000, 0x0000000614000000, 0x0000000614000000|100%| O|  |TAMS 0x0000000613c00000, 0x0000000613c00000| Untracked 
|  80|0x0000000614000000, 0x0000000614400000, 0x0000000614400000|100%| O|  |TAMS 0x0000000614000000, 0x0000000614000000| Untracked 
|  81|0x0000000614400000, 0x0000000614800000, 0x0000000614800000|100%| O|  |TAMS 0x0000000614800000, 0x0000000614400000| Untracked 
|  82|0x0000000614800000, 0x0000000614c00000, 0x0000000614c00000|100%|HS|  |TAMS 0x0000000614c00000, 0x0000000614800000| Complete 
|  83|0x0000000614c00000, 0x0000000615000000, 0x0000000615000000|100%| O|  |TAMS 0x0000000615000000, 0x0000000614c00000| Untracked 
|  84|0x0000000615000000, 0x0000000615400000, 0x0000000615400000|100%| O|  |TAMS 0x0000000615400000, 0x0000000615000000| Untracked 
|  85|0x0000000615400000, 0x0000000615800000, 0x0000000615800000|100%| O|  |TAMS 0x0000000615800000, 0x0000000615400000| Untracked 
|  86|0x0000000615800000, 0x0000000615c00000, 0x0000000615c00000|100%|HS|  |TAMS 0x0000000615c00000, 0x0000000615800000| Complete 
|  87|0x0000000615c00000, 0x0000000616000000, 0x0000000616000000|100%| O|  |TAMS 0x0000000616000000, 0x0000000615c00000| Untracked 
|  88|0x0000000616000000, 0x0000000616400000, 0x0000000616400000|100%| O|  |TAMS 0x0000000616400000, 0x0000000616000000| Untracked 
|  89|0x0000000616400000, 0x0000000616800000, 0x0000000616800000|100%| O|  |TAMS 0x0000000616800000, 0x0000000616400000| Untracked 
|  90|0x0000000616800000, 0x0000000616c00000, 0x0000000616c00000|100%| O|  |TAMS 0x0000000616c00000, 0x0000000616800000| Untracked 
|  91|0x0000000616c00000, 0x0000000617000000, 0x0000000617000000|100%| O|  |TAMS 0x0000000617000000, 0x0000000616c00000| Untracked 
|  92|0x0000000617000000, 0x0000000617400000, 0x0000000617400000|100%| O|  |TAMS 0x0000000617400000, 0x0000000617000000| Untracked 
|  93|0x0000000617400000, 0x0000000617800000, 0x0000000617800000|100%| O|  |TAMS 0x0000000617800000, 0x0000000617400000| Untracked 
|  94|0x0000000617800000, 0x0000000617c00000, 0x0000000617c00000|100%| O|  |TAMS 0x0000000617c00000, 0x0000000617800000| Untracked 
|  95|0x0000000617c00000, 0x0000000618000000, 0x0000000618000000|100%| O|  |TAMS 0x0000000618000000, 0x0000000617c00000| Untracked 
|  96|0x0000000618000000, 0x0000000618400000, 0x0000000618400000|100%| O|  |TAMS 0x0000000618400000, 0x0000000618000000| Untracked 
|  97|0x0000000618400000, 0x0000000618800000, 0x0000000618800000|100%| O|  |TAMS 0x0000000618800000, 0x0000000618400000| Untracked 
|  98|0x0000000618800000, 0x0000000618c00000, 0x0000000618c00000|100%| O|  |TAMS 0x0000000618c00000, 0x0000000618800000| Untracked 
|  99|0x0000000618c00000, 0x0000000619000000, 0x0000000619000000|100%| O|  |TAMS 0x0000000619000000, 0x0000000618c00000| Untracked 
| 100|0x0000000619000000, 0x0000000619400000, 0x0000000619400000|100%| O|  |TAMS 0x0000000619400000, 0x0000000619000000| Untracked 
| 101|0x0000000619400000, 0x0000000619800000, 0x0000000619800000|100%| O|  |TAMS 0x0000000619800000, 0x0000000619400000| Untracked 
| 102|0x0000000619800000, 0x0000000619c00000, 0x0000000619c00000|100%| O|  |TAMS 0x0000000619c00000, 0x0000000619800000| Untracked 
| 103|0x0000000619c00000, 0x000000061a000000, 0x000000061a000000|100%| O|  |TAMS 0x000000061a000000, 0x0000000619c00000| Untracked 
| 104|0x000000061a000000, 0x000000061a400000, 0x000000061a400000|100%| O|  |TAMS 0x000000061a400000, 0x000000061a000000| Untracked 
| 105|0x000000061a400000, 0x000000061a800000, 0x000000061a800000|100%| O|  |TAMS 0x000000061a800000, 0x000000061a400000| Untracked 
| 106|0x000000061a800000, 0x000000061ac00000, 0x000000061ac00000|100%| O|  |TAMS 0x000000061ac00000, 0x000000061a800000| Untracked 
| 107|0x000000061ac00000, 0x000000061b000000, 0x000000061b000000|100%| O|  |TAMS 0x000000061b000000, 0x000000061ac00000| Untracked 
| 108|0x000000061b000000, 0x000000061b400000, 0x000000061b400000|100%| O|  |TAMS 0x000000061b400000, 0x000000061b000000| Untracked 
| 109|0x000000061b400000, 0x000000061b800000, 0x000000061b800000|100%| O|  |TAMS 0x000000061b800000, 0x000000061b400000| Untracked 
| 110|0x000000061b800000, 0x000000061bc00000, 0x000000061bc00000|100%| O|  |TAMS 0x000000061bc00000, 0x000000061b800000| Untracked 
| 111|0x000000061bc00000, 0x000000061c000000, 0x000000061c000000|100%| O|  |TAMS 0x000000061c000000, 0x000000061bc00000| Untracked 
| 112|0x000000061c000000, 0x000000061c400000, 0x000000061c400000|100%| O|  |TAMS 0x000000061c400000, 0x000000061c000000| Untracked 
| 113|0x000000061c400000, 0x000000061c800000, 0x000000061c800000|100%| O|  |TAMS 0x000000061c800000, 0x000000061c400000| Untracked 
| 114|0x000000061c800000, 0x000000061cc00000, 0x000000061cc00000|100%| O|  |TAMS 0x000000061cc00000, 0x000000061c800000| Untracked 
| 115|0x000000061cc00000, 0x000000061d000000, 0x000000061d000000|100%| O|  |TAMS 0x000000061cc00000, 0x000000061cc00000| Untracked 
| 116|0x000000061d000000, 0x000000061d400000, 0x000000061d400000|100%| O|  |TAMS 0x000000061d000000, 0x000000061d000000| Untracked 
| 117|0x000000061d400000, 0x000000061d800000, 0x000000061d800000|100%| O|  |TAMS 0x000000061d800000, 0x000000061d400000| Untracked 
| 118|0x000000061d800000, 0x000000061dc00000, 0x000000061dc00000|100%| O|  |TAMS 0x000000061d800000, 0x000000061d800000| Untracked 
| 119|0x000000061dc00000, 0x000000061e000000, 0x000000061e000000|100%| O|  |TAMS 0x000000061dc00000, 0x000000061dc00000| Untracked 
| 120|0x000000061e000000, 0x000000061e400000, 0x000000061e400000|100%| O|  |TAMS 0x000000061e000000, 0x000000061e000000| Untracked 
| 121|0x000000061e400000, 0x000000061e800000, 0x000000061e800000|100%| O|  |TAMS 0x000000061e400000, 0x000000061e400000| Untracked 
| 122|0x000000061e800000, 0x000000061ec00000, 0x000000061ec00000|100%| O|  |TAMS 0x000000061e800000, 0x000000061e800000| Untracked 
| 123|0x000000061ec00000, 0x000000061f000000, 0x000000061f000000|100%| O|  |TAMS 0x000000061ec00000, 0x000000061ec00000| Untracked 
| 124|0x000000061f000000, 0x000000061f400000, 0x000000061f400000|100%| O|  |TAMS 0x000000061f000000, 0x000000061f000000| Untracked 
| 125|0x000000061f400000, 0x000000061f800000, 0x000000061f800000|100%| O|  |TAMS 0x000000061f400000, 0x000000061f400000| Untracked 
| 126|0x000000061f800000, 0x000000061fc00000, 0x000000061fc00000|100%| O|  |TAMS 0x000000061f800000, 0x000000061f800000| Untracked 
| 127|0x000000061fc00000, 0x0000000620000000, 0x0000000620000000|100%| O|  |TAMS 0x0000000620000000, 0x000000061fc00000| Untracked 
| 128|0x0000000620000000, 0x0000000620400000, 0x0000000620400000|100%| O|  |TAMS 0x0000000620400000, 0x0000000620000000| Untracked 
| 129|0x0000000620400000, 0x0000000620800000, 0x0000000620800000|100%| O|  |TAMS 0x0000000620400000, 0x0000000620400000| Untracked 
| 130|0x0000000620800000, 0x0000000620c00000, 0x0000000620c00000|100%| O|  |TAMS 0x0000000620800000, 0x0000000620800000| Untracked 
| 131|0x0000000620c00000, 0x0000000621000000, 0x0000000621000000|100%| O|  |TAMS 0x0000000620c00000, 0x0000000620c00000| Untracked 
| 132|0x0000000621000000, 0x0000000621400000, 0x0000000621400000|100%| O|  |TAMS 0x0000000621400000, 0x0000000621000000| Untracked 
| 133|0x0000000621400000, 0x0000000621800000, 0x0000000621800000|100%| O|  |TAMS 0x0000000621800000, 0x0000000621400000| Untracked 
| 134|0x0000000621800000, 0x0000000621c00000, 0x0000000621c00000|100%| O|  |TAMS 0x0000000621c00000, 0x0000000621800000| Untracked 
| 135|0x0000000621c00000, 0x0000000622000000, 0x0000000622000000|100%| O|  |TAMS 0x0000000622000000, 0x0000000621c00000| Untracked 
| 136|0x0000000622000000, 0x0000000622400000, 0x0000000622400000|100%| O|  |TAMS 0x0000000622400000, 0x0000000622000000| Untracked 
| 137|0x0000000622400000, 0x0000000622800000, 0x0000000622800000|100%| O|  |TAMS 0x0000000622800000, 0x0000000622400000| Untracked 
| 138|0x0000000622800000, 0x0000000622c00000, 0x0000000622c00000|100%| O|  |TAMS 0x0000000622c00000, 0x0000000622800000| Untracked 
| 139|0x0000000622c00000, 0x0000000623000000, 0x0000000623000000|100%| O|  |TAMS 0x0000000623000000, 0x0000000622c00000| Untracked 
| 140|0x0000000623000000, 0x0000000623400000, 0x0000000623400000|100%| O|  |TAMS 0x0000000623400000, 0x0000000623000000| Untracked 
| 141|0x0000000623400000, 0x0000000623800000, 0x0000000623800000|100%| O|  |TAMS 0x0000000623800000, 0x0000000623400000| Untracked 
| 142|0x0000000623800000, 0x0000000623c00000, 0x0000000623c00000|100%| O|  |TAMS 0x0000000623c00000, 0x0000000623800000| Untracked 
| 143|0x0000000623c00000, 0x0000000624000000, 0x0000000624000000|100%| O|  |TAMS 0x0000000624000000, 0x0000000623c00000| Untracked 
| 144|0x0000000624000000, 0x0000000624400000, 0x0000000624400000|100%| O|  |TAMS 0x0000000624400000, 0x0000000624000000| Untracked 
| 145|0x0000000624400000, 0x0000000624800000, 0x0000000624800000|100%| O|  |TAMS 0x0000000624800000, 0x0000000624400000| Untracked 
| 146|0x0000000624800000, 0x0000000624c00000, 0x0000000624c00000|100%| O|  |TAMS 0x0000000624c00000, 0x0000000624800000| Untracked 
| 147|0x0000000624c00000, 0x0000000625000000, 0x0000000625000000|100%| O|  |TAMS 0x0000000625000000, 0x0000000624c00000| Untracked 
| 148|0x0000000625000000, 0x0000000625400000, 0x0000000625400000|100%| O|  |TAMS 0x0000000625400000, 0x0000000625000000| Untracked 
| 149|0x0000000625400000, 0x0000000625800000, 0x0000000625800000|100%| O|  |TAMS 0x0000000625800000, 0x0000000625400000| Untracked 
| 150|0x0000000625800000, 0x0000000625c00000, 0x0000000625c00000|100%| O|  |TAMS 0x0000000625c00000, 0x0000000625800000| Untracked 
| 151|0x0000000625c00000, 0x0000000626000000, 0x0000000626000000|100%| O|  |TAMS 0x0000000626000000, 0x0000000625c00000| Untracked 
| 152|0x0000000626000000, 0x0000000626400000, 0x0000000626400000|100%| O|  |TAMS 0x0000000626000000, 0x0000000626000000| Untracked 
| 153|0x0000000626400000, 0x0000000626800000, 0x0000000626800000|100%| O|  |TAMS 0x0000000626800000, 0x0000000626400000| Untracked 
| 154|0x0000000626800000, 0x0000000626c00000, 0x0000000626c00000|100%| O|  |TAMS 0x0000000626c00000, 0x0000000626800000| Untracked 
| 155|0x0000000626c00000, 0x0000000627000000, 0x0000000627000000|100%| O|  |TAMS 0x0000000627000000, 0x0000000626c00000| Untracked 
| 156|0x0000000627000000, 0x0000000627400000, 0x0000000627400000|100%| O|  |TAMS 0x0000000627400000, 0x0000000627000000| Untracked 
| 157|0x0000000627400000, 0x0000000627800000, 0x0000000627800000|100%| O|  |TAMS 0x0000000627800000, 0x0000000627400000| Untracked 
| 158|0x0000000627800000, 0x0000000627c00000, 0x0000000627c00000|100%| O|  |TAMS 0x0000000627c00000, 0x0000000627800000| Untracked 
| 159|0x0000000627c00000, 0x0000000628000000, 0x0000000628000000|100%| O|  |TAMS 0x0000000628000000, 0x0000000627c00000| Untracked 
| 160|0x0000000628000000, 0x0000000628400000, 0x0000000628400000|100%| O|  |TAMS 0x0000000628400000, 0x0000000628000000| Untracked 
| 161|0x0000000628400000, 0x0000000628800000, 0x0000000628800000|100%| O|  |TAMS 0x0000000628800000, 0x0000000628400000| Untracked 
| 162|0x0000000628800000, 0x0000000628c00000, 0x0000000628c00000|100%| O|  |TAMS 0x0000000628c00000, 0x0000000628800000| Untracked 
| 163|0x0000000628c00000, 0x0000000629000000, 0x0000000629000000|100%| O|  |TAMS 0x0000000629000000, 0x0000000628c00000| Untracked 
| 164|0x0000000629000000, 0x0000000629400000, 0x0000000629400000|100%| O|  |TAMS 0x0000000629400000, 0x0000000629000000| Untracked 
| 165|0x0000000629400000, 0x0000000629800000, 0x0000000629800000|100%| O|  |TAMS 0x0000000629800000, 0x0000000629400000| Untracked 
| 166|0x0000000629800000, 0x0000000629c00000, 0x0000000629c00000|100%| O|  |TAMS 0x0000000629c00000, 0x0000000629800000| Untracked 
| 167|0x0000000629c00000, 0x000000062a000000, 0x000000062a000000|100%| O|  |TAMS 0x000000062a000000, 0x0000000629c00000| Untracked 
| 168|0x000000062a000000, 0x000000062a400000, 0x000000062a400000|100%| O|  |TAMS 0x000000062a400000, 0x000000062a000000| Untracked 
| 169|0x000000062a400000, 0x000000062a800000, 0x000000062a800000|100%| O|  |TAMS 0x000000062a800000, 0x000000062a400000| Untracked 
| 170|0x000000062a800000, 0x000000062ac00000, 0x000000062ac00000|100%| O|  |TAMS 0x000000062ac00000, 0x000000062a800000| Untracked 
| 171|0x000000062ac00000, 0x000000062b000000, 0x000000062b000000|100%| O|  |TAMS 0x000000062b000000, 0x000000062ac00000| Untracked 
| 172|0x000000062b000000, 0x000000062b400000, 0x000000062b400000|100%| O|  |TAMS 0x000000062b400000, 0x000000062b000000| Untracked 
| 173|0x000000062b400000, 0x000000062b800000, 0x000000062b800000|100%| O|  |TAMS 0x000000062b800000, 0x000000062b400000| Untracked 
| 174|0x000000062b800000, 0x000000062bc00000, 0x000000062bc00000|100%| O|  |TAMS 0x000000062bc00000, 0x000000062b800000| Untracked 
| 175|0x000000062bc00000, 0x000000062c000000, 0x000000062c000000|100%| O|  |TAMS 0x000000062c000000, 0x000000062bc00000| Untracked 
| 176|0x000000062c000000, 0x000000062c006000, 0x000000062c400000|  0%| O|  |TAMS 0x000000062c000000, 0x000000062c000000| Untracked 
| 177|0x000000062c400000, 0x000000062c800000, 0x000000062c800000|100%| O|  |TAMS 0x000000062c800000, 0x000000062c400000| Untracked 
| 178|0x000000062c800000, 0x000000062c800000, 0x000000062cc00000|  0%| F|  |TAMS 0x000000062c800000, 0x000000062c800000| Untracked 
| 179|0x000000062cc00000, 0x000000062d000000, 0x000000062d000000|100%| O|  |TAMS 0x000000062d000000, 0x000000062cc00000| Untracked 
| 180|0x000000062d000000, 0x000000062d000000, 0x000000062d400000|  0%| F|  |TAMS 0x000000062d000000, 0x000000062d000000| Untracked 
| 181|0x000000062d400000, 0x000000062d800000, 0x000000062d800000|100%|HS|  |TAMS 0x000000062d800000, 0x000000062d400000| Complete 
| 182|0x000000062d800000, 0x000000062dc00000, 0x000000062dc00000|100%|HC|  |TAMS 0x000000062dc00000, 0x000000062d800000| Complete 
| 183|0x000000062dc00000, 0x000000062dc00000, 0x000000062e000000|  0%| F|  |TAMS 0x000000062dc00000, 0x000000062dc00000| Untracked 
| 184|0x000000062e000000, 0x000000062e400000, 0x000000062e400000|100%| O|  |TAMS 0x000000062e400000, 0x000000062e000000| Untracked 
| 185|0x000000062e400000, 0x000000062e800000, 0x000000062e800000|100%| O|  |TAMS 0x000000062e800000, 0x000000062e400000| Untracked 
| 186|0x000000062e800000, 0x000000062ec00000, 0x000000062ec00000|100%| O|  |TAMS 0x000000062ec00000, 0x000000062e800000| Untracked 
| 187|0x000000062ec00000, 0x000000062f000000, 0x000000062f000000|100%| O|  |TAMS 0x000000062f000000, 0x000000062ec00000| Untracked 
| 188|0x000000062f000000, 0x000000062f400000, 0x000000062f400000|100%| O|  |TAMS 0x000000062f400000, 0x000000062f000000| Untracked 
| 189|0x000000062f400000, 0x000000062f800000, 0x000000062f800000|100%| O|  |TAMS 0x000000062f800000, 0x000000062f400000| Untracked 
| 190|0x000000062f800000, 0x000000062fc00000, 0x000000062fc00000|100%| O|  |TAMS 0x000000062fc00000, 0x000000062f800000| Untracked 
| 191|0x000000062fc00000, 0x0000000630000000, 0x0000000630000000|100%| O|  |TAMS 0x0000000630000000, 0x000000062fc00000| Untracked 
| 192|0x0000000630000000, 0x0000000630400000, 0x0000000630400000|100%| O|  |TAMS 0x0000000630400000, 0x0000000630000000| Untracked 
| 193|0x0000000630400000, 0x0000000630800000, 0x0000000630800000|100%| O|  |TAMS 0x0000000630800000, 0x0000000630400000| Untracked 
| 194|0x0000000630800000, 0x0000000630c00000, 0x0000000630c00000|100%| O|  |TAMS 0x0000000630c00000, 0x0000000630800000| Untracked 
| 195|0x0000000630c00000, 0x0000000631000000, 0x0000000631000000|100%| O|  |TAMS 0x0000000631000000, 0x0000000630c00000| Untracked 
| 196|0x0000000631000000, 0x0000000631400000, 0x0000000631400000|100%| O|  |TAMS 0x0000000631400000, 0x0000000631000000| Untracked 
| 197|0x0000000631400000, 0x0000000631800000, 0x0000000631800000|100%| O|  |TAMS 0x0000000631800000, 0x0000000631400000| Untracked 
| 198|0x0000000631800000, 0x0000000631c00000, 0x0000000631c00000|100%| O|  |TAMS 0x0000000631c00000, 0x0000000631800000| Untracked 
| 199|0x0000000631c00000, 0x0000000632000000, 0x0000000632000000|100%| O|  |TAMS 0x0000000632000000, 0x0000000631c00000| Untracked 
| 200|0x0000000632000000, 0x0000000632400000, 0x0000000632400000|100%| O|  |TAMS 0x0000000632400000, 0x0000000632000000| Untracked 
| 201|0x0000000632400000, 0x0000000632800000, 0x0000000632800000|100%| O|  |TAMS 0x0000000632800000, 0x0000000632400000| Untracked 
| 202|0x0000000632800000, 0x0000000632c00000, 0x0000000632c00000|100%| O|  |TAMS 0x0000000632c00000, 0x0000000632800000| Untracked 
| 203|0x0000000632c00000, 0x0000000632c00000, 0x0000000633000000|  0%| F|  |TAMS 0x0000000632c00000, 0x0000000632c00000| Untracked 
| 204|0x0000000633000000, 0x0000000633400000, 0x0000000633400000|100%| O|  |TAMS 0x0000000633400000, 0x0000000633000000| Untracked 
| 205|0x0000000633400000, 0x0000000633800000, 0x0000000633800000|100%| O|  |TAMS 0x0000000633800000, 0x0000000633400000| Untracked 
| 206|0x0000000633800000, 0x0000000633c00000, 0x0000000633c00000|100%| O|  |TAMS 0x0000000633c00000, 0x0000000633800000| Untracked 
| 207|0x0000000633c00000, 0x0000000634000000, 0x0000000634000000|100%| O|  |TAMS 0x0000000634000000, 0x0000000633c00000| Untracked 
| 208|0x0000000634000000, 0x0000000634000000, 0x0000000634400000|  0%| F|  |TAMS 0x0000000634000000, 0x0000000634000000| Untracked 
| 209|0x0000000634400000, 0x0000000634800000, 0x0000000634800000|100%| O|  |TAMS 0x0000000634800000, 0x0000000634400000| Untracked 
| 210|0x0000000634800000, 0x0000000634c00000, 0x0000000634c00000|100%| O|  |TAMS 0x0000000634c00000, 0x0000000634800000| Untracked 
| 211|0x0000000634c00000, 0x0000000635000000, 0x0000000635000000|100%| O|  |TAMS 0x0000000635000000, 0x0000000634c00000| Untracked 
| 212|0x0000000635000000, 0x0000000635400000, 0x0000000635400000|100%| O|  |TAMS 0x0000000635400000, 0x0000000635000000| Untracked 
| 213|0x0000000635400000, 0x0000000635800000, 0x0000000635800000|100%| O|  |TAMS 0x0000000635800000, 0x0000000635400000| Untracked 
| 214|0x0000000635800000, 0x0000000635c00000, 0x0000000635c00000|100%| O|  |TAMS 0x0000000635c00000, 0x0000000635800000| Untracked 
| 215|0x0000000635c00000, 0x0000000636000000, 0x0000000636000000|100%| O|  |TAMS 0x0000000636000000, 0x0000000635c00000| Untracked 
| 216|0x0000000636000000, 0x0000000636400000, 0x0000000636400000|100%| O|  |TAMS 0x00000006362b8800, 0x0000000636000000| Untracked 
| 217|0x0000000636400000, 0x0000000636800000, 0x0000000636800000|100%| O|  |TAMS 0x0000000636400000, 0x0000000636400000| Untracked 
| 218|0x0000000636800000, 0x0000000636c00000, 0x0000000636c00000|100%| O|  |TAMS 0x0000000636800000, 0x0000000636800000| Untracked 
| 219|0x0000000636c00000, 0x0000000637000000, 0x0000000637000000|100%| O|  |TAMS 0x0000000636c00000, 0x0000000636c00000| Untracked 
| 220|0x0000000637000000, 0x0000000637400000, 0x0000000637400000|100%| O|  |TAMS 0x0000000637000000, 0x0000000637000000| Untracked 
| 221|0x0000000637400000, 0x0000000637800000, 0x0000000637800000|100%| O|  |TAMS 0x0000000637400000, 0x0000000637400000| Untracked 
| 222|0x0000000637800000, 0x0000000637c00000, 0x0000000637c00000|100%| O|  |TAMS 0x0000000637800000, 0x0000000637800000| Untracked 
| 223|0x0000000637c00000, 0x0000000638000000, 0x0000000638000000|100%| O|  |TAMS 0x0000000637c00000, 0x0000000637c00000| Untracked 
| 224|0x0000000638000000, 0x0000000638000000, 0x0000000638400000|  0%| F|  |TAMS 0x0000000638000000, 0x0000000638000000| Untracked 
| 225|0x0000000638400000, 0x0000000638400000, 0x0000000638800000|  0%| F|  |TAMS 0x0000000638400000, 0x0000000638400000| Untracked 
| 226|0x0000000638800000, 0x0000000638800000, 0x0000000638c00000|  0%| F|  |TAMS 0x0000000638800000, 0x0000000638800000| Untracked 
| 227|0x0000000638c00000, 0x0000000638c00000, 0x0000000639000000|  0%| F|  |TAMS 0x0000000638c00000, 0x0000000638c00000| Untracked 
| 228|0x0000000639000000, 0x0000000639000000, 0x0000000639400000|  0%| F|  |TAMS 0x0000000639000000, 0x0000000639000000| Untracked 
| 229|0x0000000639400000, 0x0000000639400000, 0x0000000639800000|  0%| F|  |TAMS 0x0000000639400000, 0x0000000639400000| Untracked 
| 230|0x0000000639800000, 0x0000000639800000, 0x0000000639c00000|  0%| F|  |TAMS 0x0000000639800000, 0x0000000639800000| Untracked 
| 231|0x0000000639c00000, 0x0000000639c00000, 0x000000063a000000|  0%| F|  |TAMS 0x0000000639c00000, 0x0000000639c00000| Untracked 
| 232|0x000000063a000000, 0x000000063a000000, 0x000000063a400000|  0%| F|  |TAMS 0x000000063a000000, 0x000000063a000000| Untracked 
| 233|0x000000063a400000, 0x000000063a400000, 0x000000063a800000|  0%| F|  |TAMS 0x000000063a400000, 0x000000063a400000| Untracked 
| 234|0x000000063a800000, 0x000000063a800000, 0x000000063ac00000|  0%| F|  |TAMS 0x000000063a800000, 0x000000063a800000| Untracked 
| 235|0x000000063ac00000, 0x000000063ac00000, 0x000000063b000000|  0%| F|  |TAMS 0x000000063ac00000, 0x000000063ac00000| Untracked 
| 236|0x000000063b000000, 0x000000063b000000, 0x000000063b400000|  0%| F|  |TAMS 0x000000063b000000, 0x000000063b000000| Untracked 
| 237|0x000000063b400000, 0x000000063b400000, 0x000000063b800000|  0%| F|  |TAMS 0x000000063b400000, 0x000000063b400000| Untracked 
| 238|0x000000063b800000, 0x000000063b800000, 0x000000063bc00000|  0%| F|  |TAMS 0x000000063b800000, 0x000000063b800000| Untracked 
| 239|0x000000063bc00000, 0x000000063bc00000, 0x000000063c000000|  0%| F|  |TAMS 0x000000063bc00000, 0x000000063bc00000| Untracked 
| 240|0x000000063c000000, 0x000000063c000000, 0x000000063c400000|  0%| F|  |TAMS 0x000000063c000000, 0x000000063c000000| Untracked 
| 241|0x000000063c400000, 0x000000063c400000, 0x000000063c800000|  0%| F|  |TAMS 0x000000063c400000, 0x000000063c400000| Untracked 
| 242|0x000000063c800000, 0x000000063c800000, 0x000000063cc00000|  0%| F|  |TAMS 0x000000063c800000, 0x000000063c800000| Untracked 
| 243|0x000000063cc00000, 0x000000063cc00000, 0x000000063d000000|  0%| F|  |TAMS 0x000000063cc00000, 0x000000063cc00000| Untracked 
| 244|0x000000063d000000, 0x000000063d000000, 0x000000063d400000|  0%| F|  |TAMS 0x000000063d000000, 0x000000063d000000| Untracked 
| 245|0x000000063d400000, 0x000000063d400000, 0x000000063d800000|  0%| F|  |TAMS 0x000000063d400000, 0x000000063d400000| Untracked 
| 246|0x000000063d800000, 0x000000063d800000, 0x000000063dc00000|  0%| F|  |TAMS 0x000000063d800000, 0x000000063d800000| Untracked 
| 247|0x000000063dc00000, 0x000000063dc00000, 0x000000063e000000|  0%| F|  |TAMS 0x000000063dc00000, 0x000000063dc00000| Untracked 
| 248|0x000000063e000000, 0x000000063e000000, 0x000000063e400000|  0%| F|  |TAMS 0x000000063e000000, 0x000000063e000000| Untracked 
| 249|0x000000063e400000, 0x000000063e400000, 0x000000063e800000|  0%| F|  |TAMS 0x000000063e400000, 0x000000063e400000| Untracked 
| 250|0x000000063e800000, 0x000000063e800000, 0x000000063ec00000|  0%| F|  |TAMS 0x000000063e800000, 0x000000063e800000| Untracked 
| 251|0x000000063ec00000, 0x000000063ec00000, 0x000000063f000000|  0%| F|  |TAMS 0x000000063ec00000, 0x000000063ec00000| Untracked 
| 252|0x000000063f000000, 0x000000063f000000, 0x000000063f400000|  0%| F|  |TAMS 0x000000063f000000, 0x000000063f000000| Untracked 
| 253|0x000000063f400000, 0x000000063f400000, 0x000000063f800000|  0%| F|  |TAMS 0x000000063f400000, 0x000000063f400000| Untracked 
| 254|0x000000063f800000, 0x000000063f800000, 0x000000063fc00000|  0%| F|  |TAMS 0x000000063f800000, 0x000000063f800000| Untracked 
| 255|0x000000063fc00000, 0x000000063fc00000, 0x0000000640000000|  0%| F|  |TAMS 0x000000063fc00000, 0x000000063fc00000| Untracked 
| 256|0x0000000640000000, 0x0000000640000000, 0x0000000640400000|  0%| F|  |TAMS 0x0000000640000000, 0x0000000640000000| Untracked 
| 257|0x0000000640400000, 0x0000000640400000, 0x0000000640800000|  0%| F|  |TAMS 0x0000000640400000, 0x0000000640400000| Untracked 
| 258|0x0000000640800000, 0x0000000640800000, 0x0000000640c00000|  0%| F|  |TAMS 0x0000000640800000, 0x0000000640800000| Untracked 
| 259|0x0000000640c00000, 0x0000000640c00000, 0x0000000641000000|  0%| F|  |TAMS 0x0000000640c00000, 0x0000000640c00000| Untracked 
| 260|0x0000000641000000, 0x0000000641000000, 0x0000000641400000|  0%| F|  |TAMS 0x0000000641000000, 0x0000000641000000| Untracked 
| 261|0x0000000641400000, 0x0000000641400000, 0x0000000641800000|  0%| F|  |TAMS 0x0000000641400000, 0x0000000641400000| Untracked 
| 262|0x0000000641800000, 0x0000000641800000, 0x0000000641c00000|  0%| F|  |TAMS 0x0000000641800000, 0x0000000641800000| Untracked 
| 263|0x0000000641c00000, 0x0000000641c00000, 0x0000000642000000|  0%| F|  |TAMS 0x0000000641c00000, 0x0000000641c00000| Untracked 
| 264|0x0000000642000000, 0x0000000642000000, 0x0000000642400000|  0%| F|  |TAMS 0x0000000642000000, 0x0000000642000000| Untracked 
| 265|0x0000000642400000, 0x0000000642400000, 0x0000000642800000|  0%| F|  |TAMS 0x0000000642400000, 0x0000000642400000| Untracked 
| 266|0x0000000642800000, 0x0000000642800000, 0x0000000642c00000|  0%| F|  |TAMS 0x0000000642800000, 0x0000000642800000| Untracked 
| 267|0x0000000642c00000, 0x0000000642c00000, 0x0000000643000000|  0%| F|  |TAMS 0x0000000642c00000, 0x0000000642c00000| Untracked 
| 268|0x0000000643000000, 0x0000000643000000, 0x0000000643400000|  0%| F|  |TAMS 0x0000000643000000, 0x0000000643000000| Untracked 
| 269|0x0000000643400000, 0x0000000643400000, 0x0000000643800000|  0%| F|  |TAMS 0x0000000643400000, 0x0000000643400000| Untracked 
| 270|0x0000000643800000, 0x0000000643800000, 0x0000000643c00000|  0%| F|  |TAMS 0x0000000643800000, 0x0000000643800000| Untracked 
| 271|0x0000000643c00000, 0x0000000643c00000, 0x0000000644000000|  0%| F|  |TAMS 0x0000000643c00000, 0x0000000643c00000| Untracked 
| 272|0x0000000644000000, 0x0000000644000000, 0x0000000644400000|  0%| F|  |TAMS 0x0000000644000000, 0x0000000644000000| Untracked 
| 273|0x0000000644400000, 0x0000000644400000, 0x0000000644800000|  0%| F|  |TAMS 0x0000000644400000, 0x0000000644400000| Untracked 
| 274|0x0000000644800000, 0x0000000644800000, 0x0000000644c00000|  0%| F|  |TAMS 0x0000000644800000, 0x0000000644800000| Untracked 
| 275|0x0000000644c00000, 0x0000000644c00000, 0x0000000645000000|  0%| F|  |TAMS 0x0000000644c00000, 0x0000000644c00000| Untracked 
| 276|0x0000000645000000, 0x0000000645000000, 0x0000000645400000|  0%| F|  |TAMS 0x0000000645000000, 0x0000000645000000| Untracked 
| 277|0x0000000645400000, 0x0000000645400000, 0x0000000645800000|  0%| F|  |TAMS 0x0000000645400000, 0x0000000645400000| Untracked 
| 278|0x0000000645800000, 0x0000000645800000, 0x0000000645c00000|  0%| F|  |TAMS 0x0000000645800000, 0x0000000645800000| Untracked 
| 279|0x0000000645c00000, 0x0000000645c00000, 0x0000000646000000|  0%| F|  |TAMS 0x0000000645c00000, 0x0000000645c00000| Untracked 
| 280|0x0000000646000000, 0x0000000646000000, 0x0000000646400000|  0%| F|  |TAMS 0x0000000646000000, 0x0000000646000000| Untracked 
| 281|0x0000000646400000, 0x0000000646400000, 0x0000000646800000|  0%| F|  |TAMS 0x0000000646400000, 0x0000000646400000| Untracked 
| 282|0x0000000646800000, 0x0000000646800000, 0x0000000646c00000|  0%| F|  |TAMS 0x0000000646800000, 0x0000000646800000| Untracked 
| 283|0x0000000646c00000, 0x0000000646c00000, 0x0000000647000000|  0%| F|  |TAMS 0x0000000646c00000, 0x0000000646c00000| Untracked 
| 284|0x0000000647000000, 0x0000000647000000, 0x0000000647400000|  0%| F|  |TAMS 0x0000000647000000, 0x0000000647000000| Untracked 
| 285|0x0000000647400000, 0x0000000647400000, 0x0000000647800000|  0%| F|  |TAMS 0x0000000647400000, 0x0000000647400000| Untracked 
| 286|0x0000000647800000, 0x0000000647800000, 0x0000000647c00000|  0%| F|  |TAMS 0x0000000647800000, 0x0000000647800000| Untracked 
| 287|0x0000000647c00000, 0x0000000647c00000, 0x0000000648000000|  0%| F|  |TAMS 0x0000000647c00000, 0x0000000647c00000| Untracked 
| 288|0x0000000648000000, 0x0000000648000000, 0x0000000648400000|  0%| F|  |TAMS 0x0000000648000000, 0x0000000648000000| Untracked 
| 289|0x0000000648400000, 0x0000000648400000, 0x0000000648800000|  0%| F|  |TAMS 0x0000000648400000, 0x0000000648400000| Untracked 
| 290|0x0000000648800000, 0x0000000648800000, 0x0000000648c00000|  0%| F|  |TAMS 0x0000000648800000, 0x0000000648800000| Untracked 
| 291|0x0000000648c00000, 0x0000000648c00000, 0x0000000649000000|  0%| F|  |TAMS 0x0000000648c00000, 0x0000000648c00000| Untracked 
| 292|0x0000000649000000, 0x0000000649000000, 0x0000000649400000|  0%| F|  |TAMS 0x0000000649000000, 0x0000000649000000| Untracked 
| 293|0x0000000649400000, 0x0000000649400000, 0x0000000649800000|  0%| F|  |TAMS 0x0000000649400000, 0x0000000649400000| Untracked 
| 294|0x0000000649800000, 0x0000000649800000, 0x0000000649c00000|  0%| F|  |TAMS 0x0000000649800000, 0x0000000649800000| Untracked 
| 295|0x0000000649c00000, 0x0000000649c00000, 0x000000064a000000|  0%| F|  |TAMS 0x0000000649c00000, 0x0000000649c00000| Untracked 
| 296|0x000000064a000000, 0x000000064a000000, 0x000000064a400000|  0%| F|  |TAMS 0x000000064a000000, 0x000000064a000000| Untracked 
| 297|0x000000064a400000, 0x000000064a400000, 0x000000064a800000|  0%| F|  |TAMS 0x000000064a400000, 0x000000064a400000| Untracked 
| 298|0x000000064a800000, 0x000000064a800000, 0x000000064ac00000|  0%| F|  |TAMS 0x000000064a800000, 0x000000064a800000| Untracked 
| 299|0x000000064ac00000, 0x000000064ac00000, 0x000000064b000000|  0%| F|  |TAMS 0x000000064ac00000, 0x000000064ac00000| Untracked 
| 300|0x000000064b000000, 0x000000064b000000, 0x000000064b400000|  0%| F|  |TAMS 0x000000064b000000, 0x000000064b000000| Untracked 
| 301|0x000000064b400000, 0x000000064b400000, 0x000000064b800000|  0%| F|  |TAMS 0x000000064b400000, 0x000000064b400000| Untracked 
| 302|0x000000064b800000, 0x000000064b800000, 0x000000064bc00000|  0%| F|  |TAMS 0x000000064b800000, 0x000000064b800000| Untracked 
| 303|0x000000064bc00000, 0x000000064bc00000, 0x000000064c000000|  0%| F|  |TAMS 0x000000064bc00000, 0x000000064bc00000| Untracked 
| 304|0x000000064c000000, 0x000000064c000000, 0x000000064c400000|  0%| F|  |TAMS 0x000000064c000000, 0x000000064c000000| Untracked 
| 305|0x000000064c400000, 0x000000064c400000, 0x000000064c800000|  0%| F|  |TAMS 0x000000064c400000, 0x000000064c400000| Untracked 
| 306|0x000000064c800000, 0x000000064c800000, 0x000000064cc00000|  0%| F|  |TAMS 0x000000064c800000, 0x000000064c800000| Untracked 
| 307|0x000000064cc00000, 0x000000064cc00000, 0x000000064d000000|  0%| F|  |TAMS 0x000000064cc00000, 0x000000064cc00000| Untracked 
| 308|0x000000064d000000, 0x000000064d000000, 0x000000064d400000|  0%| F|  |TAMS 0x000000064d000000, 0x000000064d000000| Untracked 
| 309|0x000000064d400000, 0x000000064d400000, 0x000000064d800000|  0%| F|  |TAMS 0x000000064d400000, 0x000000064d400000| Untracked 
| 310|0x000000064d800000, 0x000000064d800000, 0x000000064dc00000|  0%| F|  |TAMS 0x000000064d800000, 0x000000064d800000| Untracked 
| 311|0x000000064dc00000, 0x000000064dc00000, 0x000000064e000000|  0%| F|  |TAMS 0x000000064dc00000, 0x000000064dc00000| Untracked 
| 312|0x000000064e000000, 0x000000064e000000, 0x000000064e400000|  0%| F|  |TAMS 0x000000064e000000, 0x000000064e000000| Untracked 
| 313|0x000000064e400000, 0x000000064e400000, 0x000000064e800000|  0%| F|  |TAMS 0x000000064e400000, 0x000000064e400000| Untracked 
| 314|0x000000064e800000, 0x000000064e800000, 0x000000064ec00000|  0%| F|  |TAMS 0x000000064e800000, 0x000000064e800000| Untracked 
| 315|0x000000064ec00000, 0x000000064ec00000, 0x000000064f000000|  0%| F|  |TAMS 0x000000064ec00000, 0x000000064ec00000| Untracked 
| 316|0x000000064f000000, 0x000000064f000000, 0x000000064f400000|  0%| F|  |TAMS 0x000000064f000000, 0x000000064f000000| Untracked 
| 317|0x000000064f400000, 0x000000064f400000, 0x000000064f800000|  0%| F|  |TAMS 0x000000064f400000, 0x000000064f400000| Untracked 
| 318|0x000000064f800000, 0x000000064f800000, 0x000000064fc00000|  0%| F|  |TAMS 0x000000064f800000, 0x000000064f800000| Untracked 
| 319|0x000000064fc00000, 0x000000064fc00000, 0x0000000650000000|  0%| F|  |TAMS 0x000000064fc00000, 0x000000064fc00000| Untracked 
| 320|0x0000000650000000, 0x0000000650000000, 0x0000000650400000|  0%| F|  |TAMS 0x0000000650000000, 0x0000000650000000| Untracked 
| 321|0x0000000650400000, 0x0000000650400000, 0x0000000650800000|  0%| F|  |TAMS 0x0000000650400000, 0x0000000650400000| Untracked 
| 322|0x0000000650800000, 0x0000000650800000, 0x0000000650c00000|  0%| F|  |TAMS 0x0000000650800000, 0x0000000650800000| Untracked 
| 323|0x0000000650c00000, 0x0000000650c00000, 0x0000000651000000|  0%| F|  |TAMS 0x0000000650c00000, 0x0000000650c00000| Untracked 
| 324|0x0000000651000000, 0x0000000651000000, 0x0000000651400000|  0%| F|  |TAMS 0x0000000651000000, 0x0000000651000000| Untracked 
| 325|0x0000000651400000, 0x0000000651400000, 0x0000000651800000|  0%| F|  |TAMS 0x0000000651400000, 0x0000000651400000| Untracked 
| 326|0x0000000651800000, 0x0000000651800000, 0x0000000651c00000|  0%| F|  |TAMS 0x0000000651800000, 0x0000000651800000| Untracked 
| 327|0x0000000651c00000, 0x0000000651c00000, 0x0000000652000000|  0%| F|  |TAMS 0x0000000651c00000, 0x0000000651c00000| Untracked 
| 328|0x0000000652000000, 0x0000000652000000, 0x0000000652400000|  0%| F|  |TAMS 0x0000000652000000, 0x0000000652000000| Untracked 
| 329|0x0000000652400000, 0x0000000652400000, 0x0000000652800000|  0%| F|  |TAMS 0x0000000652400000, 0x0000000652400000| Untracked 
| 330|0x0000000652800000, 0x0000000652800000, 0x0000000652c00000|  0%| F|  |TAMS 0x0000000652800000, 0x0000000652800000| Untracked 
| 331|0x0000000652c00000, 0x0000000652c00000, 0x0000000653000000|  0%| F|  |TAMS 0x0000000652c00000, 0x0000000652c00000| Untracked 
| 332|0x0000000653000000, 0x0000000653000000, 0x0000000653400000|  0%| F|  |TAMS 0x0000000653000000, 0x0000000653000000| Untracked 
| 333|0x0000000653400000, 0x0000000653400000, 0x0000000653800000|  0%| F|  |TAMS 0x0000000653400000, 0x0000000653400000| Untracked 
| 334|0x0000000653800000, 0x0000000653800000, 0x0000000653c00000|  0%| F|  |TAMS 0x0000000653800000, 0x0000000653800000| Untracked 
| 335|0x0000000653c00000, 0x0000000653c00000, 0x0000000654000000|  0%| F|  |TAMS 0x0000000653c00000, 0x0000000653c00000| Untracked 
| 336|0x0000000654000000, 0x0000000654000000, 0x0000000654400000|  0%| F|  |TAMS 0x0000000654000000, 0x0000000654000000| Untracked 
| 337|0x0000000654400000, 0x0000000654400000, 0x0000000654800000|  0%| F|  |TAMS 0x0000000654400000, 0x0000000654400000| Untracked 
| 338|0x0000000654800000, 0x0000000654800000, 0x0000000654c00000|  0%| F|  |TAMS 0x0000000654800000, 0x0000000654800000| Untracked 
| 339|0x0000000654c00000, 0x0000000654c00000, 0x0000000655000000|  0%| F|  |TAMS 0x0000000654c00000, 0x0000000654c00000| Untracked 
| 340|0x0000000655000000, 0x0000000655000000, 0x0000000655400000|  0%| F|  |TAMS 0x0000000655000000, 0x0000000655000000| Untracked 
| 341|0x0000000655400000, 0x0000000655400000, 0x0000000655800000|  0%| F|  |TAMS 0x0000000655400000, 0x0000000655400000| Untracked 
| 342|0x0000000655800000, 0x0000000655800000, 0x0000000655c00000|  0%| F|  |TAMS 0x0000000655800000, 0x0000000655800000| Untracked 
| 343|0x0000000655c00000, 0x0000000655c00000, 0x0000000656000000|  0%| F|  |TAMS 0x0000000655c00000, 0x0000000655c00000| Untracked 
| 344|0x0000000656000000, 0x0000000656000000, 0x0000000656400000|  0%| F|  |TAMS 0x0000000656000000, 0x0000000656000000| Untracked 
| 345|0x0000000656400000, 0x0000000656400000, 0x0000000656800000|  0%| F|  |TAMS 0x0000000656400000, 0x0000000656400000| Untracked 
| 346|0x0000000656800000, 0x0000000656800000, 0x0000000656c00000|  0%| F|  |TAMS 0x0000000656800000, 0x0000000656800000| Untracked 
| 347|0x0000000656c00000, 0x0000000656c00000, 0x0000000657000000|  0%| F|  |TAMS 0x0000000656c00000, 0x0000000656c00000| Untracked 
| 348|0x0000000657000000, 0x0000000657000000, 0x0000000657400000|  0%| F|  |TAMS 0x0000000657000000, 0x0000000657000000| Untracked 
| 349|0x0000000657400000, 0x0000000657400000, 0x0000000657800000|  0%| F|  |TAMS 0x0000000657400000, 0x0000000657400000| Untracked 
| 350|0x0000000657800000, 0x0000000657800000, 0x0000000657c00000|  0%| F|  |TAMS 0x0000000657800000, 0x0000000657800000| Untracked 
| 351|0x0000000657c00000, 0x0000000657c00000, 0x0000000658000000|  0%| F|  |TAMS 0x0000000657c00000, 0x0000000657c00000| Untracked 
| 352|0x0000000658000000, 0x0000000658000000, 0x0000000658400000|  0%| F|  |TAMS 0x0000000658000000, 0x0000000658000000| Untracked 
| 353|0x0000000658400000, 0x0000000658400000, 0x0000000658800000|  0%| F|  |TAMS 0x0000000658400000, 0x0000000658400000| Untracked 
| 354|0x0000000658800000, 0x0000000658800000, 0x0000000658c00000|  0%| F|  |TAMS 0x0000000658800000, 0x0000000658800000| Untracked 
| 355|0x0000000658c00000, 0x0000000658c00000, 0x0000000659000000|  0%| F|  |TAMS 0x0000000658c00000, 0x0000000658c00000| Untracked 
| 356|0x0000000659000000, 0x0000000659000000, 0x0000000659400000|  0%| F|  |TAMS 0x0000000659000000, 0x0000000659000000| Untracked 
| 357|0x0000000659400000, 0x0000000659400000, 0x0000000659800000|  0%| F|  |TAMS 0x0000000659400000, 0x0000000659400000| Untracked 
| 358|0x0000000659800000, 0x0000000659800000, 0x0000000659c00000|  0%| F|  |TAMS 0x0000000659800000, 0x0000000659800000| Untracked 
| 359|0x0000000659c00000, 0x0000000659c00000, 0x000000065a000000|  0%| F|  |TAMS 0x0000000659c00000, 0x0000000659c00000| Untracked 
| 360|0x000000065a000000, 0x000000065a000000, 0x000000065a400000|  0%| F|  |TAMS 0x000000065a000000, 0x000000065a000000| Untracked 
| 361|0x000000065a400000, 0x000000065a400000, 0x000000065a800000|  0%| F|  |TAMS 0x000000065a400000, 0x000000065a400000| Untracked 
| 362|0x000000065a800000, 0x000000065a800000, 0x000000065ac00000|  0%| F|  |TAMS 0x000000065a800000, 0x000000065a800000| Untracked 
| 363|0x000000065ac00000, 0x000000065ac00000, 0x000000065b000000|  0%| F|  |TAMS 0x000000065ac00000, 0x000000065ac00000| Untracked 
| 364|0x000000065b000000, 0x000000065b000000, 0x000000065b400000|  0%| F|  |TAMS 0x000000065b000000, 0x000000065b000000| Untracked 
| 365|0x000000065b400000, 0x000000065b400000, 0x000000065b800000|  0%| F|  |TAMS 0x000000065b400000, 0x000000065b400000| Untracked 
| 366|0x000000065b800000, 0x000000065b800000, 0x000000065bc00000|  0%| F|  |TAMS 0x000000065b800000, 0x000000065b800000| Untracked 
| 367|0x000000065bc00000, 0x000000065bc00000, 0x000000065c000000|  0%| F|  |TAMS 0x000000065bc00000, 0x000000065bc00000| Untracked 
| 368|0x000000065c000000, 0x000000065c000000, 0x000000065c400000|  0%| F|  |TAMS 0x000000065c000000, 0x000000065c000000| Untracked 
| 369|0x000000065c400000, 0x000000065c400000, 0x000000065c800000|  0%| F|  |TAMS 0x000000065c400000, 0x000000065c400000| Untracked 
| 370|0x000000065c800000, 0x000000065c800000, 0x000000065cc00000|  0%| F|  |TAMS 0x000000065c800000, 0x000000065c800000| Untracked 
| 371|0x000000065cc00000, 0x000000065cc00000, 0x000000065d000000|  0%| F|  |TAMS 0x000000065cc00000, 0x000000065cc00000| Untracked 
| 372|0x000000065d000000, 0x000000065d000000, 0x000000065d400000|  0%| F|  |TAMS 0x000000065d000000, 0x000000065d000000| Untracked 
| 373|0x000000065d400000, 0x000000065d400000, 0x000000065d800000|  0%| F|  |TAMS 0x000000065d400000, 0x000000065d400000| Untracked 
| 374|0x000000065d800000, 0x000000065d800000, 0x000000065dc00000|  0%| F|  |TAMS 0x000000065d800000, 0x000000065d800000| Untracked 
| 375|0x000000065dc00000, 0x000000065dc00000, 0x000000065e000000|  0%| F|  |TAMS 0x000000065dc00000, 0x000000065dc00000| Untracked 
| 376|0x000000065e000000, 0x000000065e000000, 0x000000065e400000|  0%| F|  |TAMS 0x000000065e000000, 0x000000065e000000| Untracked 
| 377|0x000000065e400000, 0x000000065e400000, 0x000000065e800000|  0%| F|  |TAMS 0x000000065e400000, 0x000000065e400000| Untracked 
| 378|0x000000065e800000, 0x000000065e800000, 0x000000065ec00000|  0%| F|  |TAMS 0x000000065e800000, 0x000000065e800000| Untracked 
| 379|0x000000065ec00000, 0x000000065ec00000, 0x000000065f000000|  0%| F|  |TAMS 0x000000065ec00000, 0x000000065ec00000| Untracked 
| 380|0x000000065f000000, 0x000000065f000000, 0x000000065f400000|  0%| F|  |TAMS 0x000000065f000000, 0x000000065f000000| Untracked 
| 381|0x000000065f400000, 0x000000065f400000, 0x000000065f800000|  0%| F|  |TAMS 0x000000065f400000, 0x000000065f400000| Untracked 
| 382|0x000000065f800000, 0x000000065f800000, 0x000000065fc00000|  0%| F|  |TAMS 0x000000065f800000, 0x000000065f800000| Untracked 
| 383|0x000000065fc00000, 0x000000065fc00000, 0x0000000660000000|  0%| F|  |TAMS 0x000000065fc00000, 0x000000065fc00000| Untracked 
| 384|0x0000000660000000, 0x0000000660000000, 0x0000000660400000|  0%| F|  |TAMS 0x0000000660000000, 0x0000000660000000| Untracked 
| 385|0x0000000660400000, 0x0000000660400000, 0x0000000660800000|  0%| F|  |TAMS 0x0000000660400000, 0x0000000660400000| Untracked 
| 386|0x0000000660800000, 0x0000000660800000, 0x0000000660c00000|  0%| F|  |TAMS 0x0000000660800000, 0x0000000660800000| Untracked 
| 387|0x0000000660c00000, 0x0000000660c00000, 0x0000000661000000|  0%| F|  |TAMS 0x0000000660c00000, 0x0000000660c00000| Untracked 
| 388|0x0000000661000000, 0x0000000661000000, 0x0000000661400000|  0%| F|  |TAMS 0x0000000661000000, 0x0000000661000000| Untracked 
| 389|0x0000000661400000, 0x0000000661400000, 0x0000000661800000|  0%| F|  |TAMS 0x0000000661400000, 0x0000000661400000| Untracked 
| 390|0x0000000661800000, 0x0000000661800000, 0x0000000661c00000|  0%| F|  |TAMS 0x0000000661800000, 0x0000000661800000| Untracked 
| 391|0x0000000661c00000, 0x0000000661c00000, 0x0000000662000000|  0%| F|  |TAMS 0x0000000661c00000, 0x0000000661c00000| Untracked 
| 392|0x0000000662000000, 0x0000000662000000, 0x0000000662400000|  0%| F|  |TAMS 0x0000000662000000, 0x0000000662000000| Untracked 
| 393|0x0000000662400000, 0x0000000662400000, 0x0000000662800000|  0%| F|  |TAMS 0x0000000662400000, 0x0000000662400000| Untracked 
| 394|0x0000000662800000, 0x0000000662800000, 0x0000000662c00000|  0%| F|  |TAMS 0x0000000662800000, 0x0000000662800000| Untracked 
| 395|0x0000000662c00000, 0x0000000662c00000, 0x0000000663000000|  0%| F|  |TAMS 0x0000000662c00000, 0x0000000662c00000| Untracked 
| 396|0x0000000663000000, 0x0000000663000000, 0x0000000663400000|  0%| F|  |TAMS 0x0000000663000000, 0x0000000663000000| Untracked 
| 397|0x0000000663400000, 0x0000000663400000, 0x0000000663800000|  0%| F|  |TAMS 0x0000000663400000, 0x0000000663400000| Untracked 
| 398|0x0000000663800000, 0x0000000663800000, 0x0000000663c00000|  0%| F|  |TAMS 0x0000000663800000, 0x0000000663800000| Untracked 
| 399|0x0000000663c00000, 0x0000000663c00000, 0x0000000664000000|  0%| F|  |TAMS 0x0000000663c00000, 0x0000000663c00000| Untracked 
| 400|0x0000000664000000, 0x0000000664000000, 0x0000000664400000|  0%| F|  |TAMS 0x0000000664000000, 0x0000000664000000| Untracked 
| 401|0x0000000664400000, 0x0000000664400000, 0x0000000664800000|  0%| F|  |TAMS 0x0000000664400000, 0x0000000664400000| Untracked 
| 402|0x0000000664800000, 0x0000000664800000, 0x0000000664c00000|  0%| F|  |TAMS 0x0000000664800000, 0x0000000664800000| Untracked 
| 403|0x0000000664c00000, 0x0000000664c00000, 0x0000000665000000|  0%| F|  |TAMS 0x0000000664c00000, 0x0000000664c00000| Untracked 
| 404|0x0000000665000000, 0x0000000665000000, 0x0000000665400000|  0%| F|  |TAMS 0x0000000665000000, 0x0000000665000000| Untracked 
| 405|0x0000000665400000, 0x0000000665400000, 0x0000000665800000|  0%| F|  |TAMS 0x0000000665400000, 0x0000000665400000| Untracked 
| 406|0x0000000665800000, 0x0000000665800000, 0x0000000665c00000|  0%| F|  |TAMS 0x0000000665800000, 0x0000000665800000| Untracked 
| 407|0x0000000665c00000, 0x0000000665c00000, 0x0000000666000000|  0%| F|  |TAMS 0x0000000665c00000, 0x0000000665c00000| Untracked 
| 408|0x0000000666000000, 0x0000000666000000, 0x0000000666400000|  0%| F|  |TAMS 0x0000000666000000, 0x0000000666000000| Untracked 
| 409|0x0000000666400000, 0x0000000666400000, 0x0000000666800000|  0%| F|  |TAMS 0x0000000666400000, 0x0000000666400000| Untracked 
| 410|0x0000000666800000, 0x0000000666800000, 0x0000000666c00000|  0%| F|  |TAMS 0x0000000666800000, 0x0000000666800000| Untracked 
| 411|0x0000000666c00000, 0x0000000666c00000, 0x0000000667000000|  0%| F|  |TAMS 0x0000000666c00000, 0x0000000666c00000| Untracked 
| 412|0x0000000667000000, 0x0000000667000000, 0x0000000667400000|  0%| F|  |TAMS 0x0000000667000000, 0x0000000667000000| Untracked 
| 413|0x0000000667400000, 0x0000000667400000, 0x0000000667800000|  0%| F|  |TAMS 0x0000000667400000, 0x0000000667400000| Untracked 
| 414|0x0000000667800000, 0x0000000667800000, 0x0000000667c00000|  0%| F|  |TAMS 0x0000000667800000, 0x0000000667800000| Untracked 
| 415|0x0000000667c00000, 0x0000000667c00000, 0x0000000668000000|  0%| F|  |TAMS 0x0000000667c00000, 0x0000000667c00000| Untracked 
| 416|0x0000000668000000, 0x0000000668000000, 0x0000000668400000|  0%| F|  |TAMS 0x0000000668000000, 0x0000000668000000| Untracked 
| 417|0x0000000668400000, 0x0000000668400000, 0x0000000668800000|  0%| F|  |TAMS 0x0000000668400000, 0x0000000668400000| Untracked 
| 418|0x0000000668800000, 0x0000000668800000, 0x0000000668c00000|  0%| F|  |TAMS 0x0000000668800000, 0x0000000668800000| Untracked 
| 419|0x0000000668c00000, 0x0000000668c00000, 0x0000000669000000|  0%| F|  |TAMS 0x0000000668c00000, 0x0000000668c00000| Untracked 
| 420|0x0000000669000000, 0x0000000669000000, 0x0000000669400000|  0%| F|  |TAMS 0x0000000669000000, 0x0000000669000000| Untracked 
| 421|0x0000000669400000, 0x0000000669400000, 0x0000000669800000|  0%| F|  |TAMS 0x0000000669400000, 0x0000000669400000| Untracked 
| 422|0x0000000669800000, 0x0000000669800000, 0x0000000669c00000|  0%| F|  |TAMS 0x0000000669800000, 0x0000000669800000| Untracked 
| 423|0x0000000669c00000, 0x0000000669c00000, 0x000000066a000000|  0%| F|  |TAMS 0x0000000669c00000, 0x0000000669c00000| Untracked 
| 424|0x000000066a000000, 0x000000066a000000, 0x000000066a400000|  0%| F|  |TAMS 0x000000066a000000, 0x000000066a000000| Untracked 
| 425|0x000000066a400000, 0x000000066a400000, 0x000000066a800000|  0%| F|  |TAMS 0x000000066a400000, 0x000000066a400000| Untracked 
| 426|0x000000066a800000, 0x000000066a800000, 0x000000066ac00000|  0%| F|  |TAMS 0x000000066a800000, 0x000000066a800000| Untracked 
| 427|0x000000066ac00000, 0x000000066ac00000, 0x000000066b000000|  0%| F|  |TAMS 0x000000066ac00000, 0x000000066ac00000| Untracked 
| 428|0x000000066b000000, 0x000000066b000000, 0x000000066b400000|  0%| F|  |TAMS 0x000000066b000000, 0x000000066b000000| Untracked 
| 429|0x000000066b400000, 0x000000066b400000, 0x000000066b800000|  0%| F|  |TAMS 0x000000066b400000, 0x000000066b400000| Untracked 
| 430|0x000000066b800000, 0x000000066b800000, 0x000000066bc00000|  0%| F|  |TAMS 0x000000066b800000, 0x000000066b800000| Untracked 
| 431|0x000000066bc00000, 0x000000066bc00000, 0x000000066c000000|  0%| F|  |TAMS 0x000000066bc00000, 0x000000066bc00000| Untracked 
| 432|0x000000066c000000, 0x000000066c000000, 0x000000066c400000|  0%| F|  |TAMS 0x000000066c000000, 0x000000066c000000| Untracked 
| 433|0x000000066c400000, 0x000000066c400000, 0x000000066c800000|  0%| F|  |TAMS 0x000000066c400000, 0x000000066c400000| Untracked 
| 434|0x000000066c800000, 0x000000066c800000, 0x000000066cc00000|  0%| F|  |TAMS 0x000000066c800000, 0x000000066c800000| Untracked 
| 435|0x000000066cc00000, 0x000000066cc00000, 0x000000066d000000|  0%| F|  |TAMS 0x000000066cc00000, 0x000000066cc00000| Untracked 
| 436|0x000000066d000000, 0x000000066d000000, 0x000000066d400000|  0%| F|  |TAMS 0x000000066d000000, 0x000000066d000000| Untracked 
| 437|0x000000066d400000, 0x000000066d400000, 0x000000066d800000|  0%| F|  |TAMS 0x000000066d400000, 0x000000066d400000| Untracked 
| 438|0x000000066d800000, 0x000000066d800000, 0x000000066dc00000|  0%| F|  |TAMS 0x000000066d800000, 0x000000066d800000| Untracked 
| 439|0x000000066dc00000, 0x000000066dc00000, 0x000000066e000000|  0%| F|  |TAMS 0x000000066dc00000, 0x000000066dc00000| Untracked 
| 440|0x000000066e000000, 0x000000066e000000, 0x000000066e400000|  0%| F|  |TAMS 0x000000066e000000, 0x000000066e000000| Untracked 
| 441|0x000000066e400000, 0x000000066e400000, 0x000000066e800000|  0%| F|  |TAMS 0x000000066e400000, 0x000000066e400000| Untracked 
| 442|0x000000066e800000, 0x000000066e800000, 0x000000066ec00000|  0%| F|  |TAMS 0x000000066e800000, 0x000000066e800000| Untracked 
| 443|0x000000066ec00000, 0x000000066ec00000, 0x000000066f000000|  0%| F|  |TAMS 0x000000066ec00000, 0x000000066ec00000| Untracked 
| 444|0x000000066f000000, 0x000000066f000000, 0x000000066f400000|  0%| F|  |TAMS 0x000000066f000000, 0x000000066f000000| Untracked 
| 445|0x000000066f400000, 0x000000066f400000, 0x000000066f800000|  0%| F|  |TAMS 0x000000066f400000, 0x000000066f400000| Untracked 
| 446|0x000000066f800000, 0x000000066f800000, 0x000000066fc00000|  0%| F|  |TAMS 0x000000066f800000, 0x000000066f800000| Untracked 
| 447|0x000000066fc00000, 0x000000066fc00000, 0x0000000670000000|  0%| F|  |TAMS 0x000000066fc00000, 0x000000066fc00000| Untracked 
| 448|0x0000000670000000, 0x0000000670000000, 0x0000000670400000|  0%| F|  |TAMS 0x0000000670000000, 0x0000000670000000| Untracked 
| 449|0x0000000670400000, 0x0000000670400000, 0x0000000670800000|  0%| F|  |TAMS 0x0000000670400000, 0x0000000670400000| Untracked 
| 450|0x0000000670800000, 0x0000000670800000, 0x0000000670c00000|  0%| F|  |TAMS 0x0000000670800000, 0x0000000670800000| Untracked 
| 451|0x0000000670c00000, 0x0000000670c00000, 0x0000000671000000|  0%| F|  |TAMS 0x0000000670c00000, 0x0000000670c00000| Untracked 
| 452|0x0000000671000000, 0x0000000671000000, 0x0000000671400000|  0%| F|  |TAMS 0x0000000671000000, 0x0000000671000000| Untracked 
| 453|0x0000000671400000, 0x0000000671400000, 0x0000000671800000|  0%| F|  |TAMS 0x0000000671400000, 0x0000000671400000| Untracked 
| 454|0x0000000671800000, 0x0000000671800000, 0x0000000671c00000|  0%| F|  |TAMS 0x0000000671800000, 0x0000000671800000| Untracked 
| 455|0x0000000671c00000, 0x0000000671c00000, 0x0000000672000000|  0%| F|  |TAMS 0x0000000671c00000, 0x0000000671c00000| Untracked 
| 456|0x0000000672000000, 0x0000000672000000, 0x0000000672400000|  0%| F|  |TAMS 0x0000000672000000, 0x0000000672000000| Untracked 
| 457|0x0000000672400000, 0x0000000672400000, 0x0000000672800000|  0%| F|  |TAMS 0x0000000672400000, 0x0000000672400000| Untracked 
| 458|0x0000000672800000, 0x0000000672800000, 0x0000000672c00000|  0%| F|  |TAMS 0x0000000672800000, 0x0000000672800000| Untracked 
| 459|0x0000000672c00000, 0x0000000672c00000, 0x0000000673000000|  0%| F|  |TAMS 0x0000000672c00000, 0x0000000672c00000| Untracked 
| 460|0x0000000673000000, 0x0000000673000000, 0x0000000673400000|  0%| F|  |TAMS 0x0000000673000000, 0x0000000673000000| Untracked 
| 461|0x0000000673400000, 0x0000000673400000, 0x0000000673800000|  0%| F|  |TAMS 0x0000000673400000, 0x0000000673400000| Untracked 
| 462|0x0000000673800000, 0x0000000673800000, 0x0000000673c00000|  0%| F|  |TAMS 0x0000000673800000, 0x0000000673800000| Untracked 
| 463|0x0000000673c00000, 0x0000000673c00000, 0x0000000674000000|  0%| F|  |TAMS 0x0000000673c00000, 0x0000000673c00000| Untracked 
| 464|0x0000000674000000, 0x0000000674000000, 0x0000000674400000|  0%| F|  |TAMS 0x0000000674000000, 0x0000000674000000| Untracked 
| 465|0x0000000674400000, 0x0000000674400000, 0x0000000674800000|  0%| F|  |TAMS 0x0000000674400000, 0x0000000674400000| Untracked 
| 466|0x0000000674800000, 0x0000000674800000, 0x0000000674c00000|  0%| F|  |TAMS 0x0000000674800000, 0x0000000674800000| Untracked 
| 467|0x0000000674c00000, 0x0000000674c00000, 0x0000000675000000|  0%| F|  |TAMS 0x0000000674c00000, 0x0000000674c00000| Untracked 
| 468|0x0000000675000000, 0x0000000675000000, 0x0000000675400000|  0%| F|  |TAMS 0x0000000675000000, 0x0000000675000000| Untracked 
| 469|0x0000000675400000, 0x0000000675400000, 0x0000000675800000|  0%| F|  |TAMS 0x0000000675400000, 0x0000000675400000| Untracked 
| 470|0x0000000675800000, 0x0000000675800000, 0x0000000675c00000|  0%| F|  |TAMS 0x0000000675800000, 0x0000000675800000| Untracked 
| 471|0x0000000675c00000, 0x0000000675c00000, 0x0000000676000000|  0%| F|  |TAMS 0x0000000675c00000, 0x0000000675c00000| Untracked 
| 472|0x0000000676000000, 0x0000000676000000, 0x0000000676400000|  0%| F|  |TAMS 0x0000000676000000, 0x0000000676000000| Untracked 
| 473|0x0000000676400000, 0x0000000676400000, 0x0000000676800000|  0%| F|  |TAMS 0x0000000676400000, 0x0000000676400000| Untracked 
| 474|0x0000000676800000, 0x0000000676800000, 0x0000000676c00000|  0%| F|  |TAMS 0x0000000676800000, 0x0000000676800000| Untracked 
| 475|0x0000000676c00000, 0x0000000676c00000, 0x0000000677000000|  0%| F|  |TAMS 0x0000000676c00000, 0x0000000676c00000| Untracked 
| 476|0x0000000677000000, 0x0000000677000000, 0x0000000677400000|  0%| F|  |TAMS 0x0000000677000000, 0x0000000677000000| Untracked 
| 477|0x0000000677400000, 0x0000000677400000, 0x0000000677800000|  0%| F|  |TAMS 0x0000000677400000, 0x0000000677400000| Untracked 
| 478|0x0000000677800000, 0x0000000677800000, 0x0000000677c00000|  0%| F|  |TAMS 0x0000000677800000, 0x0000000677800000| Untracked 
| 479|0x0000000677c00000, 0x0000000677c00000, 0x0000000678000000|  0%| F|  |TAMS 0x0000000677c00000, 0x0000000677c00000| Untracked 
| 480|0x0000000678000000, 0x0000000678000000, 0x0000000678400000|  0%| F|  |TAMS 0x0000000678000000, 0x0000000678000000| Untracked 
| 481|0x0000000678400000, 0x0000000678400000, 0x0000000678800000|  0%| F|  |TAMS 0x0000000678400000, 0x0000000678400000| Untracked 
| 482|0x0000000678800000, 0x0000000678800000, 0x0000000678c00000|  0%| F|  |TAMS 0x0000000678800000, 0x0000000678800000| Untracked 
| 483|0x0000000678c00000, 0x0000000678c00000, 0x0000000679000000|  0%| F|  |TAMS 0x0000000678c00000, 0x0000000678c00000| Untracked 
| 484|0x0000000679000000, 0x0000000679000000, 0x0000000679400000|  0%| F|  |TAMS 0x0000000679000000, 0x0000000679000000| Untracked 
| 485|0x0000000679400000, 0x0000000679400000, 0x0000000679800000|  0%| F|  |TAMS 0x0000000679400000, 0x0000000679400000| Untracked 
| 486|0x0000000679800000, 0x0000000679800000, 0x0000000679c00000|  0%| F|  |TAMS 0x0000000679800000, 0x0000000679800000| Untracked 
| 487|0x0000000679c00000, 0x0000000679c00000, 0x000000067a000000|  0%| F|  |TAMS 0x0000000679c00000, 0x0000000679c00000| Untracked 
| 488|0x000000067a000000, 0x000000067a000000, 0x000000067a400000|  0%| F|  |TAMS 0x000000067a000000, 0x000000067a000000| Untracked 
| 489|0x000000067a400000, 0x000000067a400000, 0x000000067a800000|  0%| F|  |TAMS 0x000000067a400000, 0x000000067a400000| Untracked 
| 490|0x000000067a800000, 0x000000067a800000, 0x000000067ac00000|  0%| F|  |TAMS 0x000000067a800000, 0x000000067a800000| Untracked 
| 491|0x000000067ac00000, 0x000000067ac00000, 0x000000067b000000|  0%| F|  |TAMS 0x000000067ac00000, 0x000000067ac00000| Untracked 
| 492|0x000000067b000000, 0x000000067b000000, 0x000000067b400000|  0%| F|  |TAMS 0x000000067b000000, 0x000000067b000000| Untracked 
| 493|0x000000067b400000, 0x000000067b400000, 0x000000067b800000|  0%| F|  |TAMS 0x000000067b400000, 0x000000067b400000| Untracked 
| 494|0x000000067b800000, 0x000000067b800000, 0x000000067bc00000|  0%| F|  |TAMS 0x000000067b800000, 0x000000067b800000| Untracked 
| 495|0x000000067bc00000, 0x000000067bc00000, 0x000000067c000000|  0%| F|  |TAMS 0x000000067bc00000, 0x000000067bc00000| Untracked 
| 496|0x000000067c000000, 0x000000067c000000, 0x000000067c400000|  0%| F|  |TAMS 0x000000067c000000, 0x000000067c000000| Untracked 
| 497|0x000000067c400000, 0x000000067c400000, 0x000000067c800000|  0%| F|  |TAMS 0x000000067c400000, 0x000000067c400000| Untracked 
| 498|0x000000067c800000, 0x000000067c800000, 0x000000067cc00000|  0%| F|  |TAMS 0x000000067c800000, 0x000000067c800000| Untracked 
| 499|0x000000067cc00000, 0x000000067cc00000, 0x000000067d000000|  0%| F|  |TAMS 0x000000067cc00000, 0x000000067cc00000| Untracked 
| 500|0x000000067d000000, 0x000000067d000000, 0x000000067d400000|  0%| F|  |TAMS 0x000000067d000000, 0x000000067d000000| Untracked 
| 501|0x000000067d400000, 0x000000067d400000, 0x000000067d800000|  0%| F|  |TAMS 0x000000067d400000, 0x000000067d400000| Untracked 
| 502|0x000000067d800000, 0x000000067d800000, 0x000000067dc00000|  0%| F|  |TAMS 0x000000067d800000, 0x000000067d800000| Untracked 
| 503|0x000000067dc00000, 0x000000067dc00000, 0x000000067e000000|  0%| F|  |TAMS 0x000000067dc00000, 0x000000067dc00000| Untracked 
| 504|0x000000067e000000, 0x000000067e000000, 0x000000067e400000|  0%| F|  |TAMS 0x000000067e000000, 0x000000067e000000| Untracked 
| 505|0x000000067e400000, 0x000000067e400000, 0x000000067e800000|  0%| F|  |TAMS 0x000000067e400000, 0x000000067e400000| Untracked 
| 506|0x000000067e800000, 0x000000067e800000, 0x000000067ec00000|  0%| F|  |TAMS 0x000000067e800000, 0x000000067e800000| Untracked 
| 507|0x000000067ec00000, 0x000000067ec00000, 0x000000067f000000|  0%| F|  |TAMS 0x000000067ec00000, 0x000000067ec00000| Untracked 
| 508|0x000000067f000000, 0x000000067f000000, 0x000000067f400000|  0%| F|  |TAMS 0x000000067f000000, 0x000000067f000000| Untracked 
| 509|0x000000067f400000, 0x000000067f400000, 0x000000067f800000|  0%| F|  |TAMS 0x000000067f400000, 0x000000067f400000| Untracked 
| 510|0x000000067f800000, 0x000000067f800000, 0x000000067fc00000|  0%| F|  |TAMS 0x000000067f800000, 0x000000067f800000| Untracked 
| 511|0x000000067fc00000, 0x000000067fc00000, 0x0000000680000000|  0%| F|  |TAMS 0x000000067fc00000, 0x000000067fc00000| Untracked 
| 512|0x0000000680000000, 0x0000000680000000, 0x0000000680400000|  0%| F|  |TAMS 0x0000000680000000, 0x0000000680000000| Untracked 
| 513|0x0000000680400000, 0x0000000680400000, 0x0000000680800000|  0%| F|  |TAMS 0x0000000680400000, 0x0000000680400000| Untracked 
| 514|0x0000000680800000, 0x0000000680800000, 0x0000000680c00000|  0%| F|  |TAMS 0x0000000680800000, 0x0000000680800000| Untracked 
| 515|0x0000000680c00000, 0x0000000680c00000, 0x0000000681000000|  0%| F|  |TAMS 0x0000000680c00000, 0x0000000680c00000| Untracked 
| 516|0x0000000681000000, 0x0000000681000000, 0x0000000681400000|  0%| F|  |TAMS 0x0000000681000000, 0x0000000681000000| Untracked 
| 517|0x0000000681400000, 0x0000000681400000, 0x0000000681800000|  0%| F|  |TAMS 0x0000000681400000, 0x0000000681400000| Untracked 
| 518|0x0000000681800000, 0x0000000681800000, 0x0000000681c00000|  0%| F|  |TAMS 0x0000000681800000, 0x0000000681800000| Untracked 
| 519|0x0000000681c00000, 0x0000000681c00000, 0x0000000682000000|  0%| F|  |TAMS 0x0000000681c00000, 0x0000000681c00000| Untracked 
| 520|0x0000000682000000, 0x0000000682000000, 0x0000000682400000|  0%| F|  |TAMS 0x0000000682000000, 0x0000000682000000| Untracked 
| 521|0x0000000682400000, 0x0000000682400000, 0x0000000682800000|  0%| F|  |TAMS 0x0000000682400000, 0x0000000682400000| Untracked 
| 522|0x0000000682800000, 0x0000000682800000, 0x0000000682c00000|  0%| F|  |TAMS 0x0000000682800000, 0x0000000682800000| Untracked 
| 523|0x0000000682c00000, 0x0000000682c00000, 0x0000000683000000|  0%| F|  |TAMS 0x0000000682c00000, 0x0000000682c00000| Untracked 
| 524|0x0000000683000000, 0x0000000683000000, 0x0000000683400000|  0%| F|  |TAMS 0x0000000683000000, 0x0000000683000000| Untracked 
| 525|0x0000000683400000, 0x0000000683400000, 0x0000000683800000|  0%| F|  |TAMS 0x0000000683400000, 0x0000000683400000| Untracked 
| 526|0x0000000683800000, 0x0000000683800000, 0x0000000683c00000|  0%| F|  |TAMS 0x0000000683800000, 0x0000000683800000| Untracked 
| 527|0x0000000683c00000, 0x0000000683c00000, 0x0000000684000000|  0%| F|  |TAMS 0x0000000683c00000, 0x0000000683c00000| Untracked 
| 528|0x0000000684000000, 0x0000000684000000, 0x0000000684400000|  0%| F|  |TAMS 0x0000000684000000, 0x0000000684000000| Untracked 
| 529|0x0000000684400000, 0x0000000684400000, 0x0000000684800000|  0%| F|  |TAMS 0x0000000684400000, 0x0000000684400000| Untracked 
| 530|0x0000000684800000, 0x0000000684800000, 0x0000000684c00000|  0%| F|  |TAMS 0x0000000684800000, 0x0000000684800000| Untracked 
| 531|0x0000000684c00000, 0x0000000684c00000, 0x0000000685000000|  0%| F|  |TAMS 0x0000000684c00000, 0x0000000684c00000| Untracked 
| 532|0x0000000685000000, 0x0000000685000000, 0x0000000685400000|  0%| F|  |TAMS 0x0000000685000000, 0x0000000685000000| Untracked 
| 533|0x0000000685400000, 0x0000000685400000, 0x0000000685800000|  0%| F|  |TAMS 0x0000000685400000, 0x0000000685400000| Untracked 
| 534|0x0000000685800000, 0x0000000685800000, 0x0000000685c00000|  0%| F|  |TAMS 0x0000000685800000, 0x0000000685800000| Untracked 
| 535|0x0000000685c00000, 0x0000000685c00000, 0x0000000686000000|  0%| F|  |TAMS 0x0000000685c00000, 0x0000000685c00000| Untracked 
| 536|0x0000000686000000, 0x0000000686000000, 0x0000000686400000|  0%| F|  |TAMS 0x0000000686000000, 0x0000000686000000| Untracked 
| 537|0x0000000686400000, 0x0000000686400000, 0x0000000686800000|  0%| F|  |TAMS 0x0000000686400000, 0x0000000686400000| Untracked 
| 538|0x0000000686800000, 0x0000000686800000, 0x0000000686c00000|  0%| F|  |TAMS 0x0000000686800000, 0x0000000686800000| Untracked 
| 539|0x0000000686c00000, 0x0000000686c00000, 0x0000000687000000|  0%| F|  |TAMS 0x0000000686c00000, 0x0000000686c00000| Untracked 
| 540|0x0000000687000000, 0x0000000687000000, 0x0000000687400000|  0%| F|  |TAMS 0x0000000687000000, 0x0000000687000000| Untracked 
| 541|0x0000000687400000, 0x0000000687400000, 0x0000000687800000|  0%| F|  |TAMS 0x0000000687400000, 0x0000000687400000| Untracked 
| 542|0x0000000687800000, 0x0000000687800000, 0x0000000687c00000|  0%| F|  |TAMS 0x0000000687800000, 0x0000000687800000| Untracked 
| 543|0x0000000687c00000, 0x0000000687c00000, 0x0000000688000000|  0%| F|  |TAMS 0x0000000687c00000, 0x0000000687c00000| Untracked 
| 544|0x0000000688000000, 0x0000000688000000, 0x0000000688400000|  0%| F|  |TAMS 0x0000000688000000, 0x0000000688000000| Untracked 
| 545|0x0000000688400000, 0x0000000688400000, 0x0000000688800000|  0%| F|  |TAMS 0x0000000688400000, 0x0000000688400000| Untracked 
| 546|0x0000000688800000, 0x0000000688800000, 0x0000000688c00000|  0%| F|  |TAMS 0x0000000688800000, 0x0000000688800000| Untracked 
| 547|0x0000000688c00000, 0x0000000688c00000, 0x0000000689000000|  0%| F|  |TAMS 0x0000000688c00000, 0x0000000688c00000| Untracked 
| 548|0x0000000689000000, 0x0000000689000000, 0x0000000689400000|  0%| F|  |TAMS 0x0000000689000000, 0x0000000689000000| Untracked 
| 549|0x0000000689400000, 0x0000000689400000, 0x0000000689800000|  0%| F|  |TAMS 0x0000000689400000, 0x0000000689400000| Untracked 
| 550|0x0000000689800000, 0x0000000689800000, 0x0000000689c00000|  0%| F|  |TAMS 0x0000000689800000, 0x0000000689800000| Untracked 
| 551|0x0000000689c00000, 0x0000000689c00000, 0x000000068a000000|  0%| F|  |TAMS 0x0000000689c00000, 0x0000000689c00000| Untracked 
| 552|0x000000068a000000, 0x000000068a000000, 0x000000068a400000|  0%| F|  |TAMS 0x000000068a000000, 0x000000068a000000| Untracked 
| 553|0x000000068a400000, 0x000000068a400000, 0x000000068a800000|  0%| F|  |TAMS 0x000000068a400000, 0x000000068a400000| Untracked 
| 554|0x000000068a800000, 0x000000068a800000, 0x000000068ac00000|  0%| F|  |TAMS 0x000000068a800000, 0x000000068a800000| Untracked 
| 555|0x000000068ac00000, 0x000000068ac00000, 0x000000068b000000|  0%| F|  |TAMS 0x000000068ac00000, 0x000000068ac00000| Untracked 
| 556|0x000000068b000000, 0x000000068b000000, 0x000000068b400000|  0%| F|  |TAMS 0x000000068b000000, 0x000000068b000000| Untracked 
| 557|0x000000068b400000, 0x000000068b400000, 0x000000068b800000|  0%| F|  |TAMS 0x000000068b400000, 0x000000068b400000| Untracked 
| 558|0x000000068b800000, 0x000000068b800000, 0x000000068bc00000|  0%| F|  |TAMS 0x000000068b800000, 0x000000068b800000| Untracked 
| 559|0x000000068bc00000, 0x000000068bc00000, 0x000000068c000000|  0%| F|  |TAMS 0x000000068bc00000, 0x000000068bc00000| Untracked 
| 560|0x000000068c000000, 0x000000068c000000, 0x000000068c400000|  0%| F|  |TAMS 0x000000068c000000, 0x000000068c000000| Untracked 
| 561|0x000000068c400000, 0x000000068c400000, 0x000000068c800000|  0%| F|  |TAMS 0x000000068c400000, 0x000000068c400000| Untracked 
| 562|0x000000068c800000, 0x000000068c800000, 0x000000068cc00000|  0%| F|  |TAMS 0x000000068c800000, 0x000000068c800000| Untracked 
| 563|0x000000068cc00000, 0x000000068cc00000, 0x000000068d000000|  0%| F|  |TAMS 0x000000068cc00000, 0x000000068cc00000| Untracked 
| 564|0x000000068d000000, 0x000000068d000000, 0x000000068d400000|  0%| F|  |TAMS 0x000000068d000000, 0x000000068d000000| Untracked 
| 565|0x000000068d400000, 0x000000068d400000, 0x000000068d800000|  0%| F|  |TAMS 0x000000068d400000, 0x000000068d400000| Untracked 
| 566|0x000000068d800000, 0x000000068d800000, 0x000000068dc00000|  0%| F|  |TAMS 0x000000068d800000, 0x000000068d800000| Untracked 
| 567|0x000000068dc00000, 0x000000068dc00000, 0x000000068e000000|  0%| F|  |TAMS 0x000000068dc00000, 0x000000068dc00000| Untracked 
| 568|0x000000068e000000, 0x000000068e000000, 0x000000068e400000|  0%| F|  |TAMS 0x000000068e000000, 0x000000068e000000| Untracked 
| 569|0x000000068e400000, 0x000000068e400000, 0x000000068e800000|  0%| F|  |TAMS 0x000000068e400000, 0x000000068e400000| Untracked 
| 570|0x000000068e800000, 0x000000068e800000, 0x000000068ec00000|  0%| F|  |TAMS 0x000000068e800000, 0x000000068e800000| Untracked 
| 571|0x000000068ec00000, 0x000000068ec00000, 0x000000068f000000|  0%| F|  |TAMS 0x000000068ec00000, 0x000000068ec00000| Untracked 
| 572|0x000000068f000000, 0x000000068f000000, 0x000000068f400000|  0%| F|  |TAMS 0x000000068f000000, 0x000000068f000000| Untracked 
| 573|0x000000068f400000, 0x000000068f400000, 0x000000068f800000|  0%| F|  |TAMS 0x000000068f400000, 0x000000068f400000| Untracked 
| 574|0x000000068f800000, 0x000000068f800000, 0x000000068fc00000|  0%| F|  |TAMS 0x000000068f800000, 0x000000068f800000| Untracked 
| 575|0x000000068fc00000, 0x000000068fc00000, 0x0000000690000000|  0%| F|  |TAMS 0x000000068fc00000, 0x000000068fc00000| Untracked 
| 576|0x0000000690000000, 0x0000000690000000, 0x0000000690400000|  0%| F|  |TAMS 0x0000000690000000, 0x0000000690000000| Untracked 
| 577|0x0000000690400000, 0x0000000690400000, 0x0000000690800000|  0%| F|  |TAMS 0x0000000690400000, 0x0000000690400000| Untracked 
| 578|0x0000000690800000, 0x0000000690800000, 0x0000000690c00000|  0%| F|  |TAMS 0x0000000690800000, 0x0000000690800000| Untracked 
| 579|0x0000000690c00000, 0x0000000690c00000, 0x0000000691000000|  0%| F|  |TAMS 0x0000000690c00000, 0x0000000690c00000| Untracked 
| 580|0x0000000691000000, 0x0000000691000000, 0x0000000691400000|  0%| F|  |TAMS 0x0000000691000000, 0x0000000691000000| Untracked 
| 581|0x0000000691400000, 0x0000000691400000, 0x0000000691800000|  0%| F|  |TAMS 0x0000000691400000, 0x0000000691400000| Untracked 
| 582|0x0000000691800000, 0x0000000691800000, 0x0000000691c00000|  0%| F|  |TAMS 0x0000000691800000, 0x0000000691800000| Untracked 
| 583|0x0000000691c00000, 0x0000000691c00000, 0x0000000692000000|  0%| F|  |TAMS 0x0000000691c00000, 0x0000000691c00000| Untracked 
| 584|0x0000000692000000, 0x0000000692000000, 0x0000000692400000|  0%| F|  |TAMS 0x0000000692000000, 0x0000000692000000| Untracked 
| 585|0x0000000692400000, 0x0000000692400000, 0x0000000692800000|  0%| F|  |TAMS 0x0000000692400000, 0x0000000692400000| Untracked 
| 586|0x0000000692800000, 0x0000000692800000, 0x0000000692c00000|  0%| F|  |TAMS 0x0000000692800000, 0x0000000692800000| Untracked 
| 587|0x0000000692c00000, 0x0000000692c00000, 0x0000000693000000|  0%| F|  |TAMS 0x0000000692c00000, 0x0000000692c00000| Untracked 
| 588|0x0000000693000000, 0x0000000693000000, 0x0000000693400000|  0%| F|  |TAMS 0x0000000693000000, 0x0000000693000000| Untracked 
| 589|0x0000000693400000, 0x0000000693400000, 0x0000000693800000|  0%| F|  |TAMS 0x0000000693400000, 0x0000000693400000| Untracked 
| 590|0x0000000693800000, 0x0000000693800000, 0x0000000693c00000|  0%| F|  |TAMS 0x0000000693800000, 0x0000000693800000| Untracked 
| 591|0x0000000693c00000, 0x0000000693c00000, 0x0000000694000000|  0%| F|  |TAMS 0x0000000693c00000, 0x0000000693c00000| Untracked 
| 592|0x0000000694000000, 0x0000000694000000, 0x0000000694400000|  0%| F|  |TAMS 0x0000000694000000, 0x0000000694000000| Untracked 
| 593|0x0000000694400000, 0x0000000694400000, 0x0000000694800000|  0%| F|  |TAMS 0x0000000694400000, 0x0000000694400000| Untracked 
| 594|0x0000000694800000, 0x0000000694800000, 0x0000000694c00000|  0%| F|  |TAMS 0x0000000694800000, 0x0000000694800000| Untracked 
| 595|0x0000000694c00000, 0x0000000694c00000, 0x0000000695000000|  0%| F|  |TAMS 0x0000000694c00000, 0x0000000694c00000| Untracked 
| 596|0x0000000695000000, 0x0000000695000000, 0x0000000695400000|  0%| F|  |TAMS 0x0000000695000000, 0x0000000695000000| Untracked 
| 597|0x0000000695400000, 0x0000000695400000, 0x0000000695800000|  0%| F|  |TAMS 0x0000000695400000, 0x0000000695400000| Untracked 
| 598|0x0000000695800000, 0x0000000695800000, 0x0000000695c00000|  0%| F|  |TAMS 0x0000000695800000, 0x0000000695800000| Untracked 
| 599|0x0000000695c00000, 0x0000000695c00000, 0x0000000696000000|  0%| F|  |TAMS 0x0000000695c00000, 0x0000000695c00000| Untracked 
| 600|0x0000000696000000, 0x0000000696000000, 0x0000000696400000|  0%| F|  |TAMS 0x0000000696000000, 0x0000000696000000| Untracked 
| 601|0x0000000696400000, 0x0000000696400000, 0x0000000696800000|  0%| F|  |TAMS 0x0000000696400000, 0x0000000696400000| Untracked 
| 602|0x0000000696800000, 0x0000000696800000, 0x0000000696c00000|  0%| F|  |TAMS 0x0000000696800000, 0x0000000696800000| Untracked 
| 603|0x0000000696c00000, 0x0000000696c00000, 0x0000000697000000|  0%| F|  |TAMS 0x0000000696c00000, 0x0000000696c00000| Untracked 
| 604|0x0000000697000000, 0x0000000697000000, 0x0000000697400000|  0%| F|  |TAMS 0x0000000697000000, 0x0000000697000000| Untracked 
| 605|0x0000000697400000, 0x0000000697400000, 0x0000000697800000|  0%| F|  |TAMS 0x0000000697400000, 0x0000000697400000| Untracked 
| 606|0x0000000697800000, 0x0000000697800000, 0x0000000697c00000|  0%| F|  |TAMS 0x0000000697800000, 0x0000000697800000| Untracked 
| 607|0x0000000697c00000, 0x0000000697c00000, 0x0000000698000000|  0%| F|  |TAMS 0x0000000697c00000, 0x0000000697c00000| Untracked 
| 608|0x0000000698000000, 0x0000000698000000, 0x0000000698400000|  0%| F|  |TAMS 0x0000000698000000, 0x0000000698000000| Untracked 
| 609|0x0000000698400000, 0x0000000698400000, 0x0000000698800000|  0%| F|  |TAMS 0x0000000698400000, 0x0000000698400000| Untracked 
| 610|0x0000000698800000, 0x0000000698800000, 0x0000000698c00000|  0%| F|  |TAMS 0x0000000698800000, 0x0000000698800000| Untracked 
| 611|0x0000000698c00000, 0x0000000698c00000, 0x0000000699000000|  0%| F|  |TAMS 0x0000000698c00000, 0x0000000698c00000| Untracked 
| 612|0x0000000699000000, 0x0000000699000000, 0x0000000699400000|  0%| F|  |TAMS 0x0000000699000000, 0x0000000699000000| Untracked 
| 613|0x0000000699400000, 0x0000000699400000, 0x0000000699800000|  0%| F|  |TAMS 0x0000000699400000, 0x0000000699400000| Untracked 
| 614|0x0000000699800000, 0x0000000699800000, 0x0000000699c00000|  0%| F|  |TAMS 0x0000000699800000, 0x0000000699800000| Untracked 
| 615|0x0000000699c00000, 0x0000000699c00000, 0x000000069a000000|  0%| F|  |TAMS 0x0000000699c00000, 0x0000000699c00000| Untracked 
| 616|0x000000069a000000, 0x000000069a000000, 0x000000069a400000|  0%| F|  |TAMS 0x000000069a000000, 0x000000069a000000| Untracked 
| 617|0x000000069a400000, 0x000000069a400000, 0x000000069a800000|  0%| F|  |TAMS 0x000000069a400000, 0x000000069a400000| Untracked 
| 618|0x000000069a800000, 0x000000069a800000, 0x000000069ac00000|  0%| F|  |TAMS 0x000000069a800000, 0x000000069a800000| Untracked 
| 619|0x000000069ac00000, 0x000000069ac00000, 0x000000069b000000|  0%| F|  |TAMS 0x000000069ac00000, 0x000000069ac00000| Untracked 
| 620|0x000000069b000000, 0x000000069b000000, 0x000000069b400000|  0%| F|  |TAMS 0x000000069b000000, 0x000000069b000000| Untracked 
| 621|0x000000069b400000, 0x000000069b400000, 0x000000069b800000|  0%| F|  |TAMS 0x000000069b400000, 0x000000069b400000| Untracked 
| 622|0x000000069b800000, 0x000000069b800000, 0x000000069bc00000|  0%| F|  |TAMS 0x000000069b800000, 0x000000069b800000| Untracked 
| 623|0x000000069bc00000, 0x000000069bc00000, 0x000000069c000000|  0%| F|  |TAMS 0x000000069bc00000, 0x000000069bc00000| Untracked 
| 624|0x000000069c000000, 0x000000069c000000, 0x000000069c400000|  0%| F|  |TAMS 0x000000069c000000, 0x000000069c000000| Untracked 
| 625|0x000000069c400000, 0x000000069c400000, 0x000000069c800000|  0%| F|  |TAMS 0x000000069c400000, 0x000000069c400000| Untracked 
| 626|0x000000069c800000, 0x000000069c800000, 0x000000069cc00000|  0%| F|  |TAMS 0x000000069c800000, 0x000000069c800000| Untracked 
| 627|0x000000069cc00000, 0x000000069cc00000, 0x000000069d000000|  0%| F|  |TAMS 0x000000069cc00000, 0x000000069cc00000| Untracked 
| 628|0x000000069d000000, 0x000000069d000000, 0x000000069d400000|  0%| F|  |TAMS 0x000000069d000000, 0x000000069d000000| Untracked 
| 629|0x000000069d400000, 0x000000069d400000, 0x000000069d800000|  0%| F|  |TAMS 0x000000069d400000, 0x000000069d400000| Untracked 
| 630|0x000000069d800000, 0x000000069d800000, 0x000000069dc00000|  0%| F|  |TAMS 0x000000069d800000, 0x000000069d800000| Untracked 
| 631|0x000000069dc00000, 0x000000069dc00000, 0x000000069e000000|  0%| F|  |TAMS 0x000000069dc00000, 0x000000069dc00000| Untracked 
| 632|0x000000069e000000, 0x000000069e000000, 0x000000069e400000|  0%| F|  |TAMS 0x000000069e000000, 0x000000069e000000| Untracked 
| 633|0x000000069e400000, 0x000000069e400000, 0x000000069e800000|  0%| F|  |TAMS 0x000000069e400000, 0x000000069e400000| Untracked 
| 634|0x000000069e800000, 0x000000069e800000, 0x000000069ec00000|  0%| F|  |TAMS 0x000000069e800000, 0x000000069e800000| Untracked 
| 635|0x000000069ec00000, 0x000000069ec00000, 0x000000069f000000|  0%| F|  |TAMS 0x000000069ec00000, 0x000000069ec00000| Untracked 
| 636|0x000000069f000000, 0x000000069f000000, 0x000000069f400000|  0%| F|  |TAMS 0x000000069f000000, 0x000000069f000000| Untracked 
| 637|0x000000069f400000, 0x000000069f400000, 0x000000069f800000|  0%| F|  |TAMS 0x000000069f400000, 0x000000069f400000| Untracked 
| 638|0x000000069f800000, 0x000000069f800000, 0x000000069fc00000|  0%| F|  |TAMS 0x000000069f800000, 0x000000069f800000| Untracked 
| 639|0x000000069fc00000, 0x000000069fc00000, 0x00000006a0000000|  0%| F|  |TAMS 0x000000069fc00000, 0x000000069fc00000| Untracked 
| 640|0x00000006a0000000, 0x00000006a0000000, 0x00000006a0400000|  0%| F|  |TAMS 0x00000006a0000000, 0x00000006a0000000| Untracked 
| 641|0x00000006a0400000, 0x00000006a0400000, 0x00000006a0800000|  0%| F|  |TAMS 0x00000006a0400000, 0x00000006a0400000| Untracked 
| 642|0x00000006a0800000, 0x00000006a0800000, 0x00000006a0c00000|  0%| F|  |TAMS 0x00000006a0800000, 0x00000006a0800000| Untracked 
| 643|0x00000006a0c00000, 0x00000006a0c00000, 0x00000006a1000000|  0%| F|  |TAMS 0x00000006a0c00000, 0x00000006a0c00000| Untracked 
| 644|0x00000006a1000000, 0x00000006a1000000, 0x00000006a1400000|  0%| F|  |TAMS 0x00000006a1000000, 0x00000006a1000000| Untracked 
| 645|0x00000006a1400000, 0x00000006a1400000, 0x00000006a1800000|  0%| F|  |TAMS 0x00000006a1400000, 0x00000006a1400000| Untracked 
| 646|0x00000006a1800000, 0x00000006a1800000, 0x00000006a1c00000|  0%| F|  |TAMS 0x00000006a1800000, 0x00000006a1800000| Untracked 
| 647|0x00000006a1c00000, 0x00000006a1c00000, 0x00000006a2000000|  0%| F|  |TAMS 0x00000006a1c00000, 0x00000006a1c00000| Untracked 
| 648|0x00000006a2000000, 0x00000006a2000000, 0x00000006a2400000|  0%| F|  |TAMS 0x00000006a2000000, 0x00000006a2000000| Untracked 
| 649|0x00000006a2400000, 0x00000006a2400000, 0x00000006a2800000|  0%| F|  |TAMS 0x00000006a2400000, 0x00000006a2400000| Untracked 
| 650|0x00000006a2800000, 0x00000006a2800000, 0x00000006a2c00000|  0%| F|  |TAMS 0x00000006a2800000, 0x00000006a2800000| Untracked 
| 651|0x00000006a2c00000, 0x00000006a2c00000, 0x00000006a3000000|  0%| F|  |TAMS 0x00000006a2c00000, 0x00000006a2c00000| Untracked 
| 652|0x00000006a3000000, 0x00000006a3000000, 0x00000006a3400000|  0%| F|  |TAMS 0x00000006a3000000, 0x00000006a3000000| Untracked 
| 653|0x00000006a3400000, 0x00000006a3400000, 0x00000006a3800000|  0%| F|  |TAMS 0x00000006a3400000, 0x00000006a3400000| Untracked 
| 654|0x00000006a3800000, 0x00000006a3800000, 0x00000006a3c00000|  0%| F|  |TAMS 0x00000006a3800000, 0x00000006a3800000| Untracked 
| 655|0x00000006a3c00000, 0x00000006a3c00000, 0x00000006a4000000|  0%| F|  |TAMS 0x00000006a3c00000, 0x00000006a3c00000| Untracked 
| 656|0x00000006a4000000, 0x00000006a4000000, 0x00000006a4400000|  0%| F|  |TAMS 0x00000006a4000000, 0x00000006a4000000| Untracked 
| 657|0x00000006a4400000, 0x00000006a4400000, 0x00000006a4800000|  0%| F|  |TAMS 0x00000006a4400000, 0x00000006a4400000| Untracked 
| 658|0x00000006a4800000, 0x00000006a4800000, 0x00000006a4c00000|  0%| F|  |TAMS 0x00000006a4800000, 0x00000006a4800000| Untracked 
| 659|0x00000006a4c00000, 0x00000006a4c00000, 0x00000006a5000000|  0%| F|  |TAMS 0x00000006a4c00000, 0x00000006a4c00000| Untracked 
| 660|0x00000006a5000000, 0x00000006a5000000, 0x00000006a5400000|  0%| F|  |TAMS 0x00000006a5000000, 0x00000006a5000000| Untracked 
| 661|0x00000006a5400000, 0x00000006a5400000, 0x00000006a5800000|  0%| F|  |TAMS 0x00000006a5400000, 0x00000006a5400000| Untracked 
| 662|0x00000006a5800000, 0x00000006a5800000, 0x00000006a5c00000|  0%| F|  |TAMS 0x00000006a5800000, 0x00000006a5800000| Untracked 
| 663|0x00000006a5c00000, 0x00000006a5c00000, 0x00000006a6000000|  0%| F|  |TAMS 0x00000006a5c00000, 0x00000006a5c00000| Untracked 
| 664|0x00000006a6000000, 0x00000006a6000000, 0x00000006a6400000|  0%| F|  |TAMS 0x00000006a6000000, 0x00000006a6000000| Untracked 
| 665|0x00000006a6400000, 0x00000006a6400000, 0x00000006a6800000|  0%| F|  |TAMS 0x00000006a6400000, 0x00000006a6400000| Untracked 
| 666|0x00000006a6800000, 0x00000006a6800000, 0x00000006a6c00000|  0%| F|  |TAMS 0x00000006a6800000, 0x00000006a6800000| Untracked 
| 667|0x00000006a6c00000, 0x00000006a6c00000, 0x00000006a7000000|  0%| F|  |TAMS 0x00000006a6c00000, 0x00000006a6c00000| Untracked 
| 668|0x00000006a7000000, 0x00000006a7000000, 0x00000006a7400000|  0%| F|  |TAMS 0x00000006a7000000, 0x00000006a7000000| Untracked 
| 669|0x00000006a7400000, 0x00000006a7400000, 0x00000006a7800000|  0%| F|  |TAMS 0x00000006a7400000, 0x00000006a7400000| Untracked 
| 670|0x00000006a7800000, 0x00000006a7800000, 0x00000006a7c00000|  0%| F|  |TAMS 0x00000006a7800000, 0x00000006a7800000| Untracked 
| 671|0x00000006a7c00000, 0x00000006a7c00000, 0x00000006a8000000|  0%| F|  |TAMS 0x00000006a7c00000, 0x00000006a7c00000| Untracked 
| 672|0x00000006a8000000, 0x00000006a8000000, 0x00000006a8400000|  0%| F|  |TAMS 0x00000006a8000000, 0x00000006a8000000| Untracked 
| 673|0x00000006a8400000, 0x00000006a8400000, 0x00000006a8800000|  0%| F|  |TAMS 0x00000006a8400000, 0x00000006a8400000| Untracked 
| 674|0x00000006a8800000, 0x00000006a8800000, 0x00000006a8c00000|  0%| F|  |TAMS 0x00000006a8800000, 0x00000006a8800000| Untracked 
| 675|0x00000006a8c00000, 0x00000006a8c00000, 0x00000006a9000000|  0%| F|  |TAMS 0x00000006a8c00000, 0x00000006a8c00000| Untracked 
| 676|0x00000006a9000000, 0x00000006a9000000, 0x00000006a9400000|  0%| F|  |TAMS 0x00000006a9000000, 0x00000006a9000000| Untracked 
| 677|0x00000006a9400000, 0x00000006a9400000, 0x00000006a9800000|  0%| F|  |TAMS 0x00000006a9400000, 0x00000006a9400000| Untracked 
| 678|0x00000006a9800000, 0x00000006a9800000, 0x00000006a9c00000|  0%| F|  |TAMS 0x00000006a9800000, 0x00000006a9800000| Untracked 
| 679|0x00000006a9c00000, 0x00000006a9c00000, 0x00000006aa000000|  0%| F|  |TAMS 0x00000006a9c00000, 0x00000006a9c00000| Untracked 
| 680|0x00000006aa000000, 0x00000006aa000000, 0x00000006aa400000|  0%| F|  |TAMS 0x00000006aa000000, 0x00000006aa000000| Untracked 
| 681|0x00000006aa400000, 0x00000006aa400000, 0x00000006aa800000|  0%| F|  |TAMS 0x00000006aa400000, 0x00000006aa400000| Untracked 
| 682|0x00000006aa800000, 0x00000006aa800000, 0x00000006aac00000|  0%| F|  |TAMS 0x00000006aa800000, 0x00000006aa800000| Untracked 
| 683|0x00000006aac00000, 0x00000006aac00000, 0x00000006ab000000|  0%| F|  |TAMS 0x00000006aac00000, 0x00000006aac00000| Untracked 
| 684|0x00000006ab000000, 0x00000006ab000000, 0x00000006ab400000|  0%| F|  |TAMS 0x00000006ab000000, 0x00000006ab000000| Untracked 
| 685|0x00000006ab400000, 0x00000006ab400000, 0x00000006ab800000|  0%| F|  |TAMS 0x00000006ab400000, 0x00000006ab400000| Untracked 
| 686|0x00000006ab800000, 0x00000006ab800000, 0x00000006abc00000|  0%| F|  |TAMS 0x00000006ab800000, 0x00000006ab800000| Untracked 
| 687|0x00000006abc00000, 0x00000006abc00000, 0x00000006ac000000|  0%| F|  |TAMS 0x00000006abc00000, 0x00000006abc00000| Untracked 
| 688|0x00000006ac000000, 0x00000006ac000000, 0x00000006ac400000|  0%| F|  |TAMS 0x00000006ac000000, 0x00000006ac000000| Untracked 
| 689|0x00000006ac400000, 0x00000006ac400000, 0x00000006ac800000|  0%| F|  |TAMS 0x00000006ac400000, 0x00000006ac400000| Untracked 
| 690|0x00000006ac800000, 0x00000006ac800000, 0x00000006acc00000|  0%| F|  |TAMS 0x00000006ac800000, 0x00000006ac800000| Untracked 
| 691|0x00000006acc00000, 0x00000006acc00000, 0x00000006ad000000|  0%| F|  |TAMS 0x00000006acc00000, 0x00000006acc00000| Untracked 
| 692|0x00000006ad000000, 0x00000006ad000000, 0x00000006ad400000|  0%| F|  |TAMS 0x00000006ad000000, 0x00000006ad000000| Untracked 
| 693|0x00000006ad400000, 0x00000006ad400000, 0x00000006ad800000|  0%| F|  |TAMS 0x00000006ad400000, 0x00000006ad400000| Untracked 
| 694|0x00000006ad800000, 0x00000006ad800000, 0x00000006adc00000|  0%| F|  |TAMS 0x00000006ad800000, 0x00000006ad800000| Untracked 
| 695|0x00000006adc00000, 0x00000006adc00000, 0x00000006ae000000|  0%| F|  |TAMS 0x00000006adc00000, 0x00000006adc00000| Untracked 
| 696|0x00000006ae000000, 0x00000006ae000000, 0x00000006ae400000|  0%| F|  |TAMS 0x00000006ae000000, 0x00000006ae000000| Untracked 
| 697|0x00000006ae400000, 0x00000006ae400000, 0x00000006ae800000|  0%| F|  |TAMS 0x00000006ae400000, 0x00000006ae400000| Untracked 
| 698|0x00000006ae800000, 0x00000006ae800000, 0x00000006aec00000|  0%| F|  |TAMS 0x00000006ae800000, 0x00000006ae800000| Untracked 
| 699|0x00000006aec00000, 0x00000006aec00000, 0x00000006af000000|  0%| F|  |TAMS 0x00000006aec00000, 0x00000006aec00000| Untracked 
| 700|0x00000006af000000, 0x00000006af000000, 0x00000006af400000|  0%| F|  |TAMS 0x00000006af000000, 0x00000006af000000| Untracked 
| 701|0x00000006af400000, 0x00000006af400000, 0x00000006af800000|  0%| F|  |TAMS 0x00000006af400000, 0x00000006af400000| Untracked 
| 702|0x00000006af800000, 0x00000006af800000, 0x00000006afc00000|  0%| F|  |TAMS 0x00000006af800000, 0x00000006af800000| Untracked 
| 703|0x00000006afc00000, 0x00000006afc00000, 0x00000006b0000000|  0%| F|  |TAMS 0x00000006afc00000, 0x00000006afc00000| Untracked 
| 704|0x00000006b0000000, 0x00000006b0000000, 0x00000006b0400000|  0%| F|  |TAMS 0x00000006b0000000, 0x00000006b0000000| Untracked 
| 705|0x00000006b0400000, 0x00000006b0400000, 0x00000006b0800000|  0%| F|  |TAMS 0x00000006b0400000, 0x00000006b0400000| Untracked 
| 706|0x00000006b0800000, 0x00000006b0800000, 0x00000006b0c00000|  0%| F|  |TAMS 0x00000006b0800000, 0x00000006b0800000| Untracked 
| 707|0x00000006b0c00000, 0x00000006b0c00000, 0x00000006b1000000|  0%| F|  |TAMS 0x00000006b0c00000, 0x00000006b0c00000| Untracked 
| 708|0x00000006b1000000, 0x00000006b1000000, 0x00000006b1400000|  0%| F|  |TAMS 0x00000006b1000000, 0x00000006b1000000| Untracked 
| 709|0x00000006b1400000, 0x00000006b1400000, 0x00000006b1800000|  0%| F|  |TAMS 0x00000006b1400000, 0x00000006b1400000| Untracked 
| 710|0x00000006b1800000, 0x00000006b1800000, 0x00000006b1c00000|  0%| F|  |TAMS 0x00000006b1800000, 0x00000006b1800000| Untracked 
| 711|0x00000006b1c00000, 0x00000006b1c00000, 0x00000006b2000000|  0%| F|  |TAMS 0x00000006b1c00000, 0x00000006b1c00000| Untracked 
| 712|0x00000006b2000000, 0x00000006b2000000, 0x00000006b2400000|  0%| F|  |TAMS 0x00000006b2000000, 0x00000006b2000000| Untracked 
| 713|0x00000006b2400000, 0x00000006b2400000, 0x00000006b2800000|  0%| F|  |TAMS 0x00000006b2400000, 0x00000006b2400000| Untracked 
| 714|0x00000006b2800000, 0x00000006b2800000, 0x00000006b2c00000|  0%| F|  |TAMS 0x00000006b2800000, 0x00000006b2800000| Untracked 
| 715|0x00000006b2c00000, 0x00000006b2c00000, 0x00000006b3000000|  0%| F|  |TAMS 0x00000006b2c00000, 0x00000006b2c00000| Untracked 
| 716|0x00000006b3000000, 0x00000006b3000000, 0x00000006b3400000|  0%| F|  |TAMS 0x00000006b3000000, 0x00000006b3000000| Untracked 
| 717|0x00000006b3400000, 0x00000006b3400000, 0x00000006b3800000|  0%| F|  |TAMS 0x00000006b3400000, 0x00000006b3400000| Untracked 
| 718|0x00000006b3800000, 0x00000006b3800000, 0x00000006b3c00000|  0%| F|  |TAMS 0x00000006b3800000, 0x00000006b3800000| Untracked 
| 719|0x00000006b3c00000, 0x00000006b3c00000, 0x00000006b4000000|  0%| F|  |TAMS 0x00000006b3c00000, 0x00000006b3c00000| Untracked 
| 720|0x00000006b4000000, 0x00000006b4000000, 0x00000006b4400000|  0%| F|  |TAMS 0x00000006b4000000, 0x00000006b4000000| Untracked 
| 721|0x00000006b4400000, 0x00000006b4400000, 0x00000006b4800000|  0%| F|  |TAMS 0x00000006b4400000, 0x00000006b4400000| Untracked 
| 722|0x00000006b4800000, 0x00000006b4800000, 0x00000006b4c00000|  0%| F|  |TAMS 0x00000006b4800000, 0x00000006b4800000| Untracked 
| 723|0x00000006b4c00000, 0x00000006b4c00000, 0x00000006b5000000|  0%| F|  |TAMS 0x00000006b4c00000, 0x00000006b4c00000| Untracked 
| 724|0x00000006b5000000, 0x00000006b5000000, 0x00000006b5400000|  0%| F|  |TAMS 0x00000006b5000000, 0x00000006b5000000| Untracked 
| 725|0x00000006b5400000, 0x00000006b5400000, 0x00000006b5800000|  0%| F|  |TAMS 0x00000006b5400000, 0x00000006b5400000| Untracked 
| 726|0x00000006b5800000, 0x00000006b5800000, 0x00000006b5c00000|  0%| F|  |TAMS 0x00000006b5800000, 0x00000006b5800000| Untracked 
| 727|0x00000006b5c00000, 0x00000006b5c00000, 0x00000006b6000000|  0%| F|  |TAMS 0x00000006b5c00000, 0x00000006b5c00000| Untracked 
| 728|0x00000006b6000000, 0x00000006b6000000, 0x00000006b6400000|  0%| F|  |TAMS 0x00000006b6000000, 0x00000006b6000000| Untracked 
| 729|0x00000006b6400000, 0x00000006b6400000, 0x00000006b6800000|  0%| F|  |TAMS 0x00000006b6400000, 0x00000006b6400000| Untracked 
| 730|0x00000006b6800000, 0x00000006b6800000, 0x00000006b6c00000|  0%| F|  |TAMS 0x00000006b6800000, 0x00000006b6800000| Untracked 
| 731|0x00000006b6c00000, 0x00000006b6c00000, 0x00000006b7000000|  0%| F|  |TAMS 0x00000006b6c00000, 0x00000006b6c00000| Untracked 
| 732|0x00000006b7000000, 0x00000006b7000000, 0x00000006b7400000|  0%| F|  |TAMS 0x00000006b7000000, 0x00000006b7000000| Untracked 
| 733|0x00000006b7400000, 0x00000006b7400000, 0x00000006b7800000|  0%| F|  |TAMS 0x00000006b7400000, 0x00000006b7400000| Untracked 
| 734|0x00000006b7800000, 0x00000006b7800000, 0x00000006b7c00000|  0%| F|  |TAMS 0x00000006b7800000, 0x00000006b7800000| Untracked 
| 735|0x00000006b7c00000, 0x00000006b7c00000, 0x00000006b8000000|  0%| F|  |TAMS 0x00000006b7c00000, 0x00000006b7c00000| Untracked 
| 736|0x00000006b8000000, 0x00000006b8000000, 0x00000006b8400000|  0%| F|  |TAMS 0x00000006b8000000, 0x00000006b8000000| Untracked 
| 737|0x00000006b8400000, 0x00000006b8400000, 0x00000006b8800000|  0%| F|  |TAMS 0x00000006b8400000, 0x00000006b8400000| Untracked 
| 738|0x00000006b8800000, 0x00000006b8800000, 0x00000006b8c00000|  0%| F|  |TAMS 0x00000006b8800000, 0x00000006b8800000| Untracked 
| 739|0x00000006b8c00000, 0x00000006b8c00000, 0x00000006b9000000|  0%| F|  |TAMS 0x00000006b8c00000, 0x00000006b8c00000| Untracked 
| 740|0x00000006b9000000, 0x00000006b9000000, 0x00000006b9400000|  0%| F|  |TAMS 0x00000006b9000000, 0x00000006b9000000| Untracked 
| 741|0x00000006b9400000, 0x00000006b9400000, 0x00000006b9800000|  0%| F|  |TAMS 0x00000006b9400000, 0x00000006b9400000| Untracked 
| 742|0x00000006b9800000, 0x00000006b9800000, 0x00000006b9c00000|  0%| F|  |TAMS 0x00000006b9800000, 0x00000006b9800000| Untracked 
| 743|0x00000006b9c00000, 0x00000006b9c00000, 0x00000006ba000000|  0%| F|  |TAMS 0x00000006b9c00000, 0x00000006b9c00000| Untracked 
| 744|0x00000006ba000000, 0x00000006ba000000, 0x00000006ba400000|  0%| F|  |TAMS 0x00000006ba000000, 0x00000006ba000000| Untracked 
| 745|0x00000006ba400000, 0x00000006ba400000, 0x00000006ba800000|  0%| F|  |TAMS 0x00000006ba400000, 0x00000006ba400000| Untracked 
| 746|0x00000006ba800000, 0x00000006ba800000, 0x00000006bac00000|  0%| F|  |TAMS 0x00000006ba800000, 0x00000006ba800000| Untracked 
| 747|0x00000006bac00000, 0x00000006bac00000, 0x00000006bb000000|  0%| F|  |TAMS 0x00000006bac00000, 0x00000006bac00000| Untracked 
| 748|0x00000006bb000000, 0x00000006bb000000, 0x00000006bb400000|  0%| F|  |TAMS 0x00000006bb000000, 0x00000006bb000000| Untracked 
| 749|0x00000006bb400000, 0x00000006bb400000, 0x00000006bb800000|  0%| F|  |TAMS 0x00000006bb400000, 0x00000006bb400000| Untracked 
| 750|0x00000006bb800000, 0x00000006bb800000, 0x00000006bbc00000|  0%| F|  |TAMS 0x00000006bb800000, 0x00000006bb800000| Untracked 
| 751|0x00000006bbc00000, 0x00000006bbc00000, 0x00000006bc000000|  0%| F|  |TAMS 0x00000006bbc00000, 0x00000006bbc00000| Untracked 
| 752|0x00000006bc000000, 0x00000006bc000000, 0x00000006bc400000|  0%| F|  |TAMS 0x00000006bc000000, 0x00000006bc000000| Untracked 
| 753|0x00000006bc400000, 0x00000006bc400000, 0x00000006bc800000|  0%| F|  |TAMS 0x00000006bc400000, 0x00000006bc400000| Untracked 
| 754|0x00000006bc800000, 0x00000006bc800000, 0x00000006bcc00000|  0%| F|  |TAMS 0x00000006bc800000, 0x00000006bc800000| Untracked 
| 755|0x00000006bcc00000, 0x00000006bcc00000, 0x00000006bd000000|  0%| F|  |TAMS 0x00000006bcc00000, 0x00000006bcc00000| Untracked 
| 756|0x00000006bd000000, 0x00000006bd000000, 0x00000006bd400000|  0%| F|  |TAMS 0x00000006bd000000, 0x00000006bd000000| Untracked 
| 757|0x00000006bd400000, 0x00000006bd400000, 0x00000006bd800000|  0%| F|  |TAMS 0x00000006bd400000, 0x00000006bd400000| Untracked 
| 758|0x00000006bd800000, 0x00000006bd800000, 0x00000006bdc00000|  0%| F|  |TAMS 0x00000006bd800000, 0x00000006bd800000| Untracked 
| 759|0x00000006bdc00000, 0x00000006bdc00000, 0x00000006be000000|  0%| F|  |TAMS 0x00000006bdc00000, 0x00000006bdc00000| Untracked 
| 760|0x00000006be000000, 0x00000006be000000, 0x00000006be400000|  0%| F|  |TAMS 0x00000006be000000, 0x00000006be000000| Untracked 
| 761|0x00000006be400000, 0x00000006be400000, 0x00000006be800000|  0%| F|  |TAMS 0x00000006be400000, 0x00000006be400000| Untracked 
| 762|0x00000006be800000, 0x00000006be800000, 0x00000006bec00000|  0%| F|  |TAMS 0x00000006be800000, 0x00000006be800000| Untracked 
| 763|0x00000006bec00000, 0x00000006bec00000, 0x00000006bf000000|  0%| F|  |TAMS 0x00000006bec00000, 0x00000006bec00000| Untracked 
| 764|0x00000006bf000000, 0x00000006bf000000, 0x00000006bf400000|  0%| F|  |TAMS 0x00000006bf000000, 0x00000006bf000000| Untracked 
| 765|0x00000006bf400000, 0x00000006bf400000, 0x00000006bf800000|  0%| F|  |TAMS 0x00000006bf400000, 0x00000006bf400000| Untracked 
| 766|0x00000006bf800000, 0x00000006bf800000, 0x00000006bfc00000|  0%| F|  |TAMS 0x00000006bf800000, 0x00000006bf800000| Untracked 
| 767|0x00000006bfc00000, 0x00000006bfc00000, 0x00000006c0000000|  0%| F|  |TAMS 0x00000006bfc00000, 0x00000006bfc00000| Untracked 
| 768|0x00000006c0000000, 0x00000006c0000000, 0x00000006c0400000|  0%| F|  |TAMS 0x00000006c0000000, 0x00000006c0000000| Untracked 
| 769|0x00000006c0400000, 0x00000006c0400000, 0x00000006c0800000|  0%| F|  |TAMS 0x00000006c0400000, 0x00000006c0400000| Untracked 
| 770|0x00000006c0800000, 0x00000006c0800000, 0x00000006c0c00000|  0%| F|  |TAMS 0x00000006c0800000, 0x00000006c0800000| Untracked 
| 771|0x00000006c0c00000, 0x00000006c0c00000, 0x00000006c1000000|  0%| F|  |TAMS 0x00000006c0c00000, 0x00000006c0c00000| Untracked 
| 772|0x00000006c1000000, 0x00000006c1000000, 0x00000006c1400000|  0%| F|  |TAMS 0x00000006c1000000, 0x00000006c1000000| Untracked 
| 773|0x00000006c1400000, 0x00000006c1400000, 0x00000006c1800000|  0%| F|  |TAMS 0x00000006c1400000, 0x00000006c1400000| Untracked 
| 774|0x00000006c1800000, 0x00000006c1800000, 0x00000006c1c00000|  0%| F|  |TAMS 0x00000006c1800000, 0x00000006c1800000| Untracked 
| 775|0x00000006c1c00000, 0x00000006c1c00000, 0x00000006c2000000|  0%| F|  |TAMS 0x00000006c1c00000, 0x00000006c1c00000| Untracked 
| 776|0x00000006c2000000, 0x00000006c2000000, 0x00000006c2400000|  0%| F|  |TAMS 0x00000006c2000000, 0x00000006c2000000| Untracked 
| 777|0x00000006c2400000, 0x00000006c2400000, 0x00000006c2800000|  0%| F|  |TAMS 0x00000006c2400000, 0x00000006c2400000| Untracked 
| 778|0x00000006c2800000, 0x00000006c2800000, 0x00000006c2c00000|  0%| F|  |TAMS 0x00000006c2800000, 0x00000006c2800000| Untracked 
| 779|0x00000006c2c00000, 0x00000006c2c00000, 0x00000006c3000000|  0%| F|  |TAMS 0x00000006c2c00000, 0x00000006c2c00000| Untracked 
| 780|0x00000006c3000000, 0x00000006c3000000, 0x00000006c3400000|  0%| F|  |TAMS 0x00000006c3000000, 0x00000006c3000000| Untracked 
| 781|0x00000006c3400000, 0x00000006c3400000, 0x00000006c3800000|  0%| F|  |TAMS 0x00000006c3400000, 0x00000006c3400000| Untracked 
| 782|0x00000006c3800000, 0x00000006c3800000, 0x00000006c3c00000|  0%| F|  |TAMS 0x00000006c3800000, 0x00000006c3800000| Untracked 
| 783|0x00000006c3c00000, 0x00000006c3c00000, 0x00000006c4000000|  0%| F|  |TAMS 0x00000006c3c00000, 0x00000006c3c00000| Untracked 
| 784|0x00000006c4000000, 0x00000006c4000000, 0x00000006c4400000|  0%| F|  |TAMS 0x00000006c4000000, 0x00000006c4000000| Untracked 
| 785|0x00000006c4400000, 0x00000006c4400000, 0x00000006c4800000|  0%| F|  |TAMS 0x00000006c4400000, 0x00000006c4400000| Untracked 
| 786|0x00000006c4800000, 0x00000006c4800000, 0x00000006c4c00000|  0%| F|  |TAMS 0x00000006c4800000, 0x00000006c4800000| Untracked 
| 787|0x00000006c4c00000, 0x00000006c4c00000, 0x00000006c5000000|  0%| F|  |TAMS 0x00000006c4c00000, 0x00000006c4c00000| Untracked 
| 788|0x00000006c5000000, 0x00000006c5000000, 0x00000006c5400000|  0%| F|  |TAMS 0x00000006c5000000, 0x00000006c5000000| Untracked 
| 789|0x00000006c5400000, 0x00000006c5400000, 0x00000006c5800000|  0%| F|  |TAMS 0x00000006c5400000, 0x00000006c5400000| Untracked 
| 790|0x00000006c5800000, 0x00000006c5800000, 0x00000006c5c00000|  0%| F|  |TAMS 0x00000006c5800000, 0x00000006c5800000| Untracked 
| 791|0x00000006c5c00000, 0x00000006c5c00000, 0x00000006c6000000|  0%| F|  |TAMS 0x00000006c5c00000, 0x00000006c5c00000| Untracked 
| 792|0x00000006c6000000, 0x00000006c6000000, 0x00000006c6400000|  0%| F|  |TAMS 0x00000006c6000000, 0x00000006c6000000| Untracked 
| 793|0x00000006c6400000, 0x00000006c6400000, 0x00000006c6800000|  0%| F|  |TAMS 0x00000006c6400000, 0x00000006c6400000| Untracked 
| 794|0x00000006c6800000, 0x00000006c6800000, 0x00000006c6c00000|  0%| F|  |TAMS 0x00000006c6800000, 0x00000006c6800000| Untracked 
| 795|0x00000006c6c00000, 0x00000006c6c00000, 0x00000006c7000000|  0%| F|  |TAMS 0x00000006c6c00000, 0x00000006c6c00000| Untracked 
| 796|0x00000006c7000000, 0x00000006c7000000, 0x00000006c7400000|  0%| F|  |TAMS 0x00000006c7000000, 0x00000006c7000000| Untracked 
| 797|0x00000006c7400000, 0x00000006c7400000, 0x00000006c7800000|  0%| F|  |TAMS 0x00000006c7400000, 0x00000006c7400000| Untracked 
| 798|0x00000006c7800000, 0x00000006c7800000, 0x00000006c7c00000|  0%| F|  |TAMS 0x00000006c7800000, 0x00000006c7800000| Untracked 
| 799|0x00000006c7c00000, 0x00000006c7c00000, 0x00000006c8000000|  0%| F|  |TAMS 0x00000006c7c00000, 0x00000006c7c00000| Untracked 
| 800|0x00000006c8000000, 0x00000006c8000000, 0x00000006c8400000|  0%| F|  |TAMS 0x00000006c8000000, 0x00000006c8000000| Untracked 
| 801|0x00000006c8400000, 0x00000006c8400000, 0x00000006c8800000|  0%| F|  |TAMS 0x00000006c8400000, 0x00000006c8400000| Untracked 
| 802|0x00000006c8800000, 0x00000006c8800000, 0x00000006c8c00000|  0%| F|  |TAMS 0x00000006c8800000, 0x00000006c8800000| Untracked 
| 803|0x00000006c8c00000, 0x00000006c8c00000, 0x00000006c9000000|  0%| F|  |TAMS 0x00000006c8c00000, 0x00000006c8c00000| Untracked 
| 804|0x00000006c9000000, 0x00000006c9000000, 0x00000006c9400000|  0%| F|  |TAMS 0x00000006c9000000, 0x00000006c9000000| Untracked 
| 805|0x00000006c9400000, 0x00000006c9400000, 0x00000006c9800000|  0%| F|  |TAMS 0x00000006c9400000, 0x00000006c9400000| Untracked 
| 806|0x00000006c9800000, 0x00000006c9800000, 0x00000006c9c00000|  0%| F|  |TAMS 0x00000006c9800000, 0x00000006c9800000| Untracked 
| 807|0x00000006c9c00000, 0x00000006c9c00000, 0x00000006ca000000|  0%| F|  |TAMS 0x00000006c9c00000, 0x00000006c9c00000| Untracked 
| 808|0x00000006ca000000, 0x00000006ca000000, 0x00000006ca400000|  0%| F|  |TAMS 0x00000006ca000000, 0x00000006ca000000| Untracked 
| 809|0x00000006ca400000, 0x00000006ca400000, 0x00000006ca800000|  0%| F|  |TAMS 0x00000006ca400000, 0x00000006ca400000| Untracked 
| 810|0x00000006ca800000, 0x00000006ca800000, 0x00000006cac00000|  0%| F|  |TAMS 0x00000006ca800000, 0x00000006ca800000| Untracked 
| 811|0x00000006cac00000, 0x00000006cac00000, 0x00000006cb000000|  0%| F|  |TAMS 0x00000006cac00000, 0x00000006cac00000| Untracked 
| 812|0x00000006cb000000, 0x00000006cb000000, 0x00000006cb400000|  0%| F|  |TAMS 0x00000006cb000000, 0x00000006cb000000| Untracked 
| 813|0x00000006cb400000, 0x00000006cb400000, 0x00000006cb800000|  0%| F|  |TAMS 0x00000006cb400000, 0x00000006cb400000| Untracked 
| 814|0x00000006cb800000, 0x00000006cb800000, 0x00000006cbc00000|  0%| F|  |TAMS 0x00000006cb800000, 0x00000006cb800000| Untracked 
| 815|0x00000006cbc00000, 0x00000006cbc00000, 0x00000006cc000000|  0%| F|  |TAMS 0x00000006cbc00000, 0x00000006cbc00000| Untracked 
| 816|0x00000006cc000000, 0x00000006cc000000, 0x00000006cc400000|  0%| F|  |TAMS 0x00000006cc000000, 0x00000006cc000000| Untracked 
| 817|0x00000006cc400000, 0x00000006cc400000, 0x00000006cc800000|  0%| F|  |TAMS 0x00000006cc400000, 0x00000006cc400000| Untracked 
| 818|0x00000006cc800000, 0x00000006cc800000, 0x00000006ccc00000|  0%| F|  |TAMS 0x00000006cc800000, 0x00000006cc800000| Untracked 
| 819|0x00000006ccc00000, 0x00000006ccc00000, 0x00000006cd000000|  0%| F|  |TAMS 0x00000006ccc00000, 0x00000006ccc00000| Untracked 
| 820|0x00000006cd000000, 0x00000006cd000000, 0x00000006cd400000|  0%| F|  |TAMS 0x00000006cd000000, 0x00000006cd000000| Untracked 
| 821|0x00000006cd400000, 0x00000006cd400000, 0x00000006cd800000|  0%| F|  |TAMS 0x00000006cd400000, 0x00000006cd400000| Untracked 
| 822|0x00000006cd800000, 0x00000006cd800000, 0x00000006cdc00000|  0%| F|  |TAMS 0x00000006cd800000, 0x00000006cd800000| Untracked 
| 823|0x00000006cdc00000, 0x00000006cdc00000, 0x00000006ce000000|  0%| F|  |TAMS 0x00000006cdc00000, 0x00000006cdc00000| Untracked 
| 824|0x00000006ce000000, 0x00000006ce000000, 0x00000006ce400000|  0%| F|  |TAMS 0x00000006ce000000, 0x00000006ce000000| Untracked 
| 825|0x00000006ce400000, 0x00000006ce400000, 0x00000006ce800000|  0%| F|  |TAMS 0x00000006ce400000, 0x00000006ce400000| Untracked 
| 826|0x00000006ce800000, 0x00000006ce800000, 0x00000006cec00000|  0%| F|  |TAMS 0x00000006ce800000, 0x00000006ce800000| Untracked 
| 827|0x00000006cec00000, 0x00000006cec00000, 0x00000006cf000000|  0%| F|  |TAMS 0x00000006cec00000, 0x00000006cec00000| Untracked 
| 828|0x00000006cf000000, 0x00000006cf000000, 0x00000006cf400000|  0%| F|  |TAMS 0x00000006cf000000, 0x00000006cf000000| Untracked 
| 829|0x00000006cf400000, 0x00000006cf400000, 0x00000006cf800000|  0%| F|  |TAMS 0x00000006cf400000, 0x00000006cf400000| Untracked 
| 830|0x00000006cf800000, 0x00000006cf800000, 0x00000006cfc00000|  0%| F|  |TAMS 0x00000006cf800000, 0x00000006cf800000| Untracked 
| 831|0x00000006cfc00000, 0x00000006cfc00000, 0x00000006d0000000|  0%| F|  |TAMS 0x00000006cfc00000, 0x00000006cfc00000| Untracked 
| 832|0x00000006d0000000, 0x00000006d0000000, 0x00000006d0400000|  0%| F|  |TAMS 0x00000006d0000000, 0x00000006d0000000| Untracked 
| 833|0x00000006d0400000, 0x00000006d0400000, 0x00000006d0800000|  0%| F|  |TAMS 0x00000006d0400000, 0x00000006d0400000| Untracked 
| 834|0x00000006d0800000, 0x00000006d0800000, 0x00000006d0c00000|  0%| F|  |TAMS 0x00000006d0800000, 0x00000006d0800000| Untracked 
| 835|0x00000006d0c00000, 0x00000006d0c00000, 0x00000006d1000000|  0%| F|  |TAMS 0x00000006d0c00000, 0x00000006d0c00000| Untracked 
| 836|0x00000006d1000000, 0x00000006d1000000, 0x00000006d1400000|  0%| F|  |TAMS 0x00000006d1000000, 0x00000006d1000000| Untracked 
| 837|0x00000006d1400000, 0x00000006d1400000, 0x00000006d1800000|  0%| F|  |TAMS 0x00000006d1400000, 0x00000006d1400000| Untracked 
| 838|0x00000006d1800000, 0x00000006d1800000, 0x00000006d1c00000|  0%| F|  |TAMS 0x00000006d1800000, 0x00000006d1800000| Untracked 
| 839|0x00000006d1c00000, 0x00000006d1c00000, 0x00000006d2000000|  0%| F|  |TAMS 0x00000006d1c00000, 0x00000006d1c00000| Untracked 
| 840|0x00000006d2000000, 0x00000006d2000000, 0x00000006d2400000|  0%| F|  |TAMS 0x00000006d2000000, 0x00000006d2000000| Untracked 
| 841|0x00000006d2400000, 0x00000006d2400000, 0x00000006d2800000|  0%| F|  |TAMS 0x00000006d2400000, 0x00000006d2400000| Untracked 
| 842|0x00000006d2800000, 0x00000006d2800000, 0x00000006d2c00000|  0%| F|  |TAMS 0x00000006d2800000, 0x00000006d2800000| Untracked 
| 843|0x00000006d2c00000, 0x00000006d2c00000, 0x00000006d3000000|  0%| F|  |TAMS 0x00000006d2c00000, 0x00000006d2c00000| Untracked 
| 844|0x00000006d3000000, 0x00000006d3000000, 0x00000006d3400000|  0%| F|  |TAMS 0x00000006d3000000, 0x00000006d3000000| Untracked 
| 845|0x00000006d3400000, 0x00000006d3400000, 0x00000006d3800000|  0%| F|  |TAMS 0x00000006d3400000, 0x00000006d3400000| Untracked 
| 846|0x00000006d3800000, 0x00000006d3800000, 0x00000006d3c00000|  0%| F|  |TAMS 0x00000006d3800000, 0x00000006d3800000| Untracked 
| 847|0x00000006d3c00000, 0x00000006d3c00000, 0x00000006d4000000|  0%| F|  |TAMS 0x00000006d3c00000, 0x00000006d3c00000| Untracked 
| 848|0x00000006d4000000, 0x00000006d4000000, 0x00000006d4400000|  0%| F|  |TAMS 0x00000006d4000000, 0x00000006d4000000| Untracked 
| 849|0x00000006d4400000, 0x00000006d4400000, 0x00000006d4800000|  0%| F|  |TAMS 0x00000006d4400000, 0x00000006d4400000| Untracked 
| 850|0x00000006d4800000, 0x00000006d4800000, 0x00000006d4c00000|  0%| F|  |TAMS 0x00000006d4800000, 0x00000006d4800000| Untracked 
| 851|0x00000006d4c00000, 0x00000006d4c00000, 0x00000006d5000000|  0%| F|  |TAMS 0x00000006d4c00000, 0x00000006d4c00000| Untracked 
| 852|0x00000006d5000000, 0x00000006d5000000, 0x00000006d5400000|  0%| F|  |TAMS 0x00000006d5000000, 0x00000006d5000000| Untracked 
| 853|0x00000006d5400000, 0x00000006d5400000, 0x00000006d5800000|  0%| F|  |TAMS 0x00000006d5400000, 0x00000006d5400000| Untracked 
| 854|0x00000006d5800000, 0x00000006d5800000, 0x00000006d5c00000|  0%| F|  |TAMS 0x00000006d5800000, 0x00000006d5800000| Untracked 
| 855|0x00000006d5c00000, 0x00000006d5c00000, 0x00000006d6000000|  0%| F|  |TAMS 0x00000006d5c00000, 0x00000006d5c00000| Untracked 
| 856|0x00000006d6000000, 0x00000006d6000000, 0x00000006d6400000|  0%| F|  |TAMS 0x00000006d6000000, 0x00000006d6000000| Untracked 
| 857|0x00000006d6400000, 0x00000006d6400000, 0x00000006d6800000|  0%| F|  |TAMS 0x00000006d6400000, 0x00000006d6400000| Untracked 
| 858|0x00000006d6800000, 0x00000006d6800000, 0x00000006d6c00000|  0%| F|  |TAMS 0x00000006d6800000, 0x00000006d6800000| Untracked 
| 859|0x00000006d6c00000, 0x00000006d6c00000, 0x00000006d7000000|  0%| F|  |TAMS 0x00000006d6c00000, 0x00000006d6c00000| Untracked 
| 860|0x00000006d7000000, 0x00000006d7000000, 0x00000006d7400000|  0%| F|  |TAMS 0x00000006d7000000, 0x00000006d7000000| Untracked 
| 861|0x00000006d7400000, 0x00000006d7400000, 0x00000006d7800000|  0%| F|  |TAMS 0x00000006d7400000, 0x00000006d7400000| Untracked 
| 862|0x00000006d7800000, 0x00000006d7800000, 0x00000006d7c00000|  0%| F|  |TAMS 0x00000006d7800000, 0x00000006d7800000| Untracked 
| 863|0x00000006d7c00000, 0x00000006d7c00000, 0x00000006d8000000|  0%| F|  |TAMS 0x00000006d7c00000, 0x00000006d7c00000| Untracked 
| 864|0x00000006d8000000, 0x00000006d8000000, 0x00000006d8400000|  0%| F|  |TAMS 0x00000006d8000000, 0x00000006d8000000| Untracked 
| 865|0x00000006d8400000, 0x00000006d8400000, 0x00000006d8800000|  0%| F|  |TAMS 0x00000006d8400000, 0x00000006d8400000| Untracked 
| 866|0x00000006d8800000, 0x00000006d8800000, 0x00000006d8c00000|  0%| F|  |TAMS 0x00000006d8800000, 0x00000006d8800000| Untracked 
| 867|0x00000006d8c00000, 0x00000006d8c00000, 0x00000006d9000000|  0%| F|  |TAMS 0x00000006d8c00000, 0x00000006d8c00000| Untracked 
| 868|0x00000006d9000000, 0x00000006d9000000, 0x00000006d9400000|  0%| F|  |TAMS 0x00000006d9000000, 0x00000006d9000000| Untracked 
| 869|0x00000006d9400000, 0x00000006d9400000, 0x00000006d9800000|  0%| F|  |TAMS 0x00000006d9400000, 0x00000006d9400000| Untracked 
| 870|0x00000006d9800000, 0x00000006d9800000, 0x00000006d9c00000|  0%| F|  |TAMS 0x00000006d9800000, 0x00000006d9800000| Untracked 
| 871|0x00000006d9c00000, 0x00000006d9c00000, 0x00000006da000000|  0%| F|  |TAMS 0x00000006d9c00000, 0x00000006d9c00000| Untracked 
| 872|0x00000006da000000, 0x00000006da000000, 0x00000006da400000|  0%| F|  |TAMS 0x00000006da000000, 0x00000006da000000| Untracked 
| 873|0x00000006da400000, 0x00000006da400000, 0x00000006da800000|  0%| F|  |TAMS 0x00000006da400000, 0x00000006da400000| Untracked 
| 874|0x00000006da800000, 0x00000006da800000, 0x00000006dac00000|  0%| F|  |TAMS 0x00000006da800000, 0x00000006da800000| Untracked 
| 875|0x00000006dac00000, 0x00000006dac00000, 0x00000006db000000|  0%| F|  |TAMS 0x00000006dac00000, 0x00000006dac00000| Untracked 
| 876|0x00000006db000000, 0x00000006db000000, 0x00000006db400000|  0%| F|  |TAMS 0x00000006db000000, 0x00000006db000000| Untracked 
| 877|0x00000006db400000, 0x00000006db400000, 0x00000006db800000|  0%| F|  |TAMS 0x00000006db400000, 0x00000006db400000| Untracked 
| 878|0x00000006db800000, 0x00000006db800000, 0x00000006dbc00000|  0%| F|  |TAMS 0x00000006db800000, 0x00000006db800000| Untracked 
| 879|0x00000006dbc00000, 0x00000006dbc00000, 0x00000006dc000000|  0%| F|  |TAMS 0x00000006dbc00000, 0x00000006dbc00000| Untracked 
| 880|0x00000006dc000000, 0x00000006dc000000, 0x00000006dc400000|  0%| F|  |TAMS 0x00000006dc000000, 0x00000006dc000000| Untracked 
| 881|0x00000006dc400000, 0x00000006dc400000, 0x00000006dc800000|  0%| F|  |TAMS 0x00000006dc400000, 0x00000006dc400000| Untracked 
| 882|0x00000006dc800000, 0x00000006dc800000, 0x00000006dcc00000|  0%| F|  |TAMS 0x00000006dc800000, 0x00000006dc800000| Untracked 
| 883|0x00000006dcc00000, 0x00000006dcc00000, 0x00000006dd000000|  0%| F|  |TAMS 0x00000006dcc00000, 0x00000006dcc00000| Untracked 
| 884|0x00000006dd000000, 0x00000006dd000000, 0x00000006dd400000|  0%| F|  |TAMS 0x00000006dd000000, 0x00000006dd000000| Untracked 
| 885|0x00000006dd400000, 0x00000006dd400000, 0x00000006dd800000|  0%| F|  |TAMS 0x00000006dd400000, 0x00000006dd400000| Untracked 
| 886|0x00000006dd800000, 0x00000006dd800000, 0x00000006ddc00000|  0%| F|  |TAMS 0x00000006dd800000, 0x00000006dd800000| Untracked 
| 887|0x00000006ddc00000, 0x00000006ddc00000, 0x00000006de000000|  0%| F|  |TAMS 0x00000006ddc00000, 0x00000006ddc00000| Untracked 
| 888|0x00000006de000000, 0x00000006de000000, 0x00000006de400000|  0%| F|  |TAMS 0x00000006de000000, 0x00000006de000000| Untracked 
| 889|0x00000006de400000, 0x00000006de400000, 0x00000006de800000|  0%| F|  |TAMS 0x00000006de400000, 0x00000006de400000| Untracked 
| 890|0x00000006de800000, 0x00000006de800000, 0x00000006dec00000|  0%| F|  |TAMS 0x00000006de800000, 0x00000006de800000| Untracked 
| 891|0x00000006dec00000, 0x00000006dec00000, 0x00000006df000000|  0%| F|  |TAMS 0x00000006dec00000, 0x00000006dec00000| Untracked 
| 892|0x00000006df000000, 0x00000006df000000, 0x00000006df400000|  0%| F|  |TAMS 0x00000006df000000, 0x00000006df000000| Untracked 
| 893|0x00000006df400000, 0x00000006df400000, 0x00000006df800000|  0%| F|  |TAMS 0x00000006df400000, 0x00000006df400000| Untracked 
| 894|0x00000006df800000, 0x00000006df800000, 0x00000006dfc00000|  0%| F|  |TAMS 0x00000006df800000, 0x00000006df800000| Untracked 
| 895|0x00000006dfc00000, 0x00000006dfc00000, 0x00000006e0000000|  0%| F|  |TAMS 0x00000006dfc00000, 0x00000006dfc00000| Untracked 
| 896|0x00000006e0000000, 0x00000006e0000000, 0x00000006e0400000|  0%| F|  |TAMS 0x00000006e0000000, 0x00000006e0000000| Untracked 
| 897|0x00000006e0400000, 0x00000006e0400000, 0x00000006e0800000|  0%| F|  |TAMS 0x00000006e0400000, 0x00000006e0400000| Untracked 
| 898|0x00000006e0800000, 0x00000006e0800000, 0x00000006e0c00000|  0%| F|  |TAMS 0x00000006e0800000, 0x00000006e0800000| Untracked 
| 899|0x00000006e0c00000, 0x00000006e0c00000, 0x00000006e1000000|  0%| F|  |TAMS 0x00000006e0c00000, 0x00000006e0c00000| Untracked 
| 900|0x00000006e1000000, 0x00000006e1000000, 0x00000006e1400000|  0%| F|  |TAMS 0x00000006e1000000, 0x00000006e1000000| Untracked 
| 901|0x00000006e1400000, 0x00000006e1400000, 0x00000006e1800000|  0%| F|  |TAMS 0x00000006e1400000, 0x00000006e1400000| Untracked 
| 902|0x00000006e1800000, 0x00000006e1800000, 0x00000006e1c00000|  0%| F|  |TAMS 0x00000006e1800000, 0x00000006e1800000| Untracked 
| 903|0x00000006e1c00000, 0x00000006e1c00000, 0x00000006e2000000|  0%| F|  |TAMS 0x00000006e1c00000, 0x00000006e1c00000| Untracked 
| 904|0x00000006e2000000, 0x00000006e2000000, 0x00000006e2400000|  0%| F|  |TAMS 0x00000006e2000000, 0x00000006e2000000| Untracked 
| 905|0x00000006e2400000, 0x00000006e2400000, 0x00000006e2800000|  0%| F|  |TAMS 0x00000006e2400000, 0x00000006e2400000| Untracked 
| 906|0x00000006e2800000, 0x00000006e2800000, 0x00000006e2c00000|  0%| F|  |TAMS 0x00000006e2800000, 0x00000006e2800000| Untracked 
| 907|0x00000006e2c00000, 0x00000006e2c00000, 0x00000006e3000000|  0%| F|  |TAMS 0x00000006e2c00000, 0x00000006e2c00000| Untracked 
| 908|0x00000006e3000000, 0x00000006e3000000, 0x00000006e3400000|  0%| F|  |TAMS 0x00000006e3000000, 0x00000006e3000000| Untracked 
| 909|0x00000006e3400000, 0x00000006e3400000, 0x00000006e3800000|  0%| F|  |TAMS 0x00000006e3400000, 0x00000006e3400000| Untracked 
| 910|0x00000006e3800000, 0x00000006e3800000, 0x00000006e3c00000|  0%| F|  |TAMS 0x00000006e3800000, 0x00000006e3800000| Untracked 
| 911|0x00000006e3c00000, 0x00000006e3c00000, 0x00000006e4000000|  0%| F|  |TAMS 0x00000006e3c00000, 0x00000006e3c00000| Untracked 
| 912|0x00000006e4000000, 0x00000006e4000000, 0x00000006e4400000|  0%| F|  |TAMS 0x00000006e4000000, 0x00000006e4000000| Untracked 
| 913|0x00000006e4400000, 0x00000006e4400000, 0x00000006e4800000|  0%| F|  |TAMS 0x00000006e4400000, 0x00000006e4400000| Untracked 
| 914|0x00000006e4800000, 0x00000006e4800000, 0x00000006e4c00000|  0%| F|  |TAMS 0x00000006e4800000, 0x00000006e4800000| Untracked 
| 915|0x00000006e4c00000, 0x00000006e4c00000, 0x00000006e5000000|  0%| F|  |TAMS 0x00000006e4c00000, 0x00000006e4c00000| Untracked 
| 916|0x00000006e5000000, 0x00000006e5000000, 0x00000006e5400000|  0%| F|  |TAMS 0x00000006e5000000, 0x00000006e5000000| Untracked 
| 917|0x00000006e5400000, 0x00000006e5400000, 0x00000006e5800000|  0%| F|  |TAMS 0x00000006e5400000, 0x00000006e5400000| Untracked 
| 918|0x00000006e5800000, 0x00000006e5800000, 0x00000006e5c00000|  0%| F|  |TAMS 0x00000006e5800000, 0x00000006e5800000| Untracked 
| 919|0x00000006e5c00000, 0x00000006e5c00000, 0x00000006e6000000|  0%| F|  |TAMS 0x00000006e5c00000, 0x00000006e5c00000| Untracked 
| 920|0x00000006e6000000, 0x00000006e6000000, 0x00000006e6400000|  0%| F|  |TAMS 0x00000006e6000000, 0x00000006e6000000| Untracked 
| 921|0x00000006e6400000, 0x00000006e6400000, 0x00000006e6800000|  0%| F|  |TAMS 0x00000006e6400000, 0x00000006e6400000| Untracked 
| 922|0x00000006e6800000, 0x00000006e6800000, 0x00000006e6c00000|  0%| F|  |TAMS 0x00000006e6800000, 0x00000006e6800000| Untracked 
| 923|0x00000006e6c00000, 0x00000006e6c00000, 0x00000006e7000000|  0%| F|  |TAMS 0x00000006e6c00000, 0x00000006e6c00000| Untracked 
| 924|0x00000006e7000000, 0x00000006e7000000, 0x00000006e7400000|  0%| F|  |TAMS 0x00000006e7000000, 0x00000006e7000000| Untracked 
| 925|0x00000006e7400000, 0x00000006e7400000, 0x00000006e7800000|  0%| F|  |TAMS 0x00000006e7400000, 0x00000006e7400000| Untracked 
| 926|0x00000006e7800000, 0x00000006e7800000, 0x00000006e7c00000|  0%| F|  |TAMS 0x00000006e7800000, 0x00000006e7800000| Untracked 
| 927|0x00000006e7c00000, 0x00000006e7c00000, 0x00000006e8000000|  0%| F|  |TAMS 0x00000006e7c00000, 0x00000006e7c00000| Untracked 
| 928|0x00000006e8000000, 0x00000006e8000000, 0x00000006e8400000|  0%| F|  |TAMS 0x00000006e8000000, 0x00000006e8000000| Untracked 
| 929|0x00000006e8400000, 0x00000006e8400000, 0x00000006e8800000|  0%| F|  |TAMS 0x00000006e8400000, 0x00000006e8400000| Untracked 
| 930|0x00000006e8800000, 0x00000006e8800000, 0x00000006e8c00000|  0%| F|  |TAMS 0x00000006e8800000, 0x00000006e8800000| Untracked 
| 931|0x00000006e8c00000, 0x00000006e8c00000, 0x00000006e9000000|  0%| F|  |TAMS 0x00000006e8c00000, 0x00000006e8c00000| Untracked 
| 932|0x00000006e9000000, 0x00000006e9000000, 0x00000006e9400000|  0%| F|  |TAMS 0x00000006e9000000, 0x00000006e9000000| Untracked 
| 933|0x00000006e9400000, 0x00000006e9400000, 0x00000006e9800000|  0%| F|  |TAMS 0x00000006e9400000, 0x00000006e9400000| Untracked 
| 934|0x00000006e9800000, 0x00000006e9800000, 0x00000006e9c00000|  0%| F|  |TAMS 0x00000006e9800000, 0x00000006e9800000| Untracked 
| 935|0x00000006e9c00000, 0x00000006e9c00000, 0x00000006ea000000|  0%| F|  |TAMS 0x00000006e9c00000, 0x00000006e9c00000| Untracked 
| 936|0x00000006ea000000, 0x00000006ea000000, 0x00000006ea400000|  0%| F|  |TAMS 0x00000006ea000000, 0x00000006ea000000| Untracked 
| 937|0x00000006ea400000, 0x00000006ea400000, 0x00000006ea800000|  0%| F|  |TAMS 0x00000006ea400000, 0x00000006ea400000| Untracked 
| 938|0x00000006ea800000, 0x00000006ea800000, 0x00000006eac00000|  0%| F|  |TAMS 0x00000006ea800000, 0x00000006ea800000| Untracked 
| 939|0x00000006eac00000, 0x00000006eac00000, 0x00000006eb000000|  0%| F|  |TAMS 0x00000006eac00000, 0x00000006eac00000| Untracked 
| 940|0x00000006eb000000, 0x00000006eb000000, 0x00000006eb400000|  0%| F|  |TAMS 0x00000006eb000000, 0x00000006eb000000| Untracked 
| 941|0x00000006eb400000, 0x00000006eb400000, 0x00000006eb800000|  0%| F|  |TAMS 0x00000006eb400000, 0x00000006eb400000| Untracked 
| 942|0x00000006eb800000, 0x00000006eb800000, 0x00000006ebc00000|  0%| F|  |TAMS 0x00000006eb800000, 0x00000006eb800000| Untracked 
| 943|0x00000006ebc00000, 0x00000006ebc00000, 0x00000006ec000000|  0%| F|  |TAMS 0x00000006ebc00000, 0x00000006ebc00000| Untracked 
| 944|0x00000006ec000000, 0x00000006ec000000, 0x00000006ec400000|  0%| F|  |TAMS 0x00000006ec000000, 0x00000006ec000000| Untracked 
| 945|0x00000006ec400000, 0x00000006ec400000, 0x00000006ec800000|  0%| F|  |TAMS 0x00000006ec400000, 0x00000006ec400000| Untracked 
| 946|0x00000006ec800000, 0x00000006ec800000, 0x00000006ecc00000|  0%| F|  |TAMS 0x00000006ec800000, 0x00000006ec800000| Untracked 
| 947|0x00000006ecc00000, 0x00000006ecc00000, 0x00000006ed000000|  0%| F|  |TAMS 0x00000006ecc00000, 0x00000006ecc00000| Untracked 
| 948|0x00000006ed000000, 0x00000006ed000000, 0x00000006ed400000|  0%| F|  |TAMS 0x00000006ed000000, 0x00000006ed000000| Untracked 
| 949|0x00000006ed400000, 0x00000006ed400000, 0x00000006ed800000|  0%| F|  |TAMS 0x00000006ed400000, 0x00000006ed400000| Untracked 
| 950|0x00000006ed800000, 0x00000006ed800000, 0x00000006edc00000|  0%| F|  |TAMS 0x00000006ed800000, 0x00000006ed800000| Untracked 
| 951|0x00000006edc00000, 0x00000006edc00000, 0x00000006ee000000|  0%| F|  |TAMS 0x00000006edc00000, 0x00000006edc00000| Untracked 
| 952|0x00000006ee000000, 0x00000006ee000000, 0x00000006ee400000|  0%| F|  |TAMS 0x00000006ee000000, 0x00000006ee000000| Untracked 
| 953|0x00000006ee400000, 0x00000006ee400000, 0x00000006ee800000|  0%| F|  |TAMS 0x00000006ee400000, 0x00000006ee400000| Untracked 
| 954|0x00000006ee800000, 0x00000006ee800000, 0x00000006eec00000|  0%| F|  |TAMS 0x00000006ee800000, 0x00000006ee800000| Untracked 
| 955|0x00000006eec00000, 0x00000006eec00000, 0x00000006ef000000|  0%| F|  |TAMS 0x00000006eec00000, 0x00000006eec00000| Untracked 
| 956|0x00000006ef000000, 0x00000006ef000000, 0x00000006ef400000|  0%| F|  |TAMS 0x00000006ef000000, 0x00000006ef000000| Untracked 
| 957|0x00000006ef400000, 0x00000006ef400000, 0x00000006ef800000|  0%| F|  |TAMS 0x00000006ef400000, 0x00000006ef400000| Untracked 
| 958|0x00000006ef800000, 0x00000006ef800000, 0x00000006efc00000|  0%| F|  |TAMS 0x00000006ef800000, 0x00000006ef800000| Untracked 
| 959|0x00000006efc00000, 0x00000006efc00000, 0x00000006f0000000|  0%| F|  |TAMS 0x00000006efc00000, 0x00000006efc00000| Untracked 
| 960|0x00000006f0000000, 0x00000006f0000000, 0x00000006f0400000|  0%| F|  |TAMS 0x00000006f0000000, 0x00000006f0000000| Untracked 
| 961|0x00000006f0400000, 0x00000006f0400000, 0x00000006f0800000|  0%| F|  |TAMS 0x00000006f0400000, 0x00000006f0400000| Untracked 
| 962|0x00000006f0800000, 0x00000006f0800000, 0x00000006f0c00000|  0%| F|  |TAMS 0x00000006f0800000, 0x00000006f0800000| Untracked 
| 963|0x00000006f0c00000, 0x00000006f0c00000, 0x00000006f1000000|  0%| F|  |TAMS 0x00000006f0c00000, 0x00000006f0c00000| Untracked 
| 964|0x00000006f1000000, 0x00000006f1000000, 0x00000006f1400000|  0%| F|  |TAMS 0x00000006f1000000, 0x00000006f1000000| Untracked 
| 965|0x00000006f1400000, 0x00000006f1400000, 0x00000006f1800000|  0%| F|  |TAMS 0x00000006f1400000, 0x00000006f1400000| Untracked 
| 966|0x00000006f1800000, 0x00000006f1800000, 0x00000006f1c00000|  0%| F|  |TAMS 0x00000006f1800000, 0x00000006f1800000| Untracked 
| 967|0x00000006f1c00000, 0x00000006f1c00000, 0x00000006f2000000|  0%| F|  |TAMS 0x00000006f1c00000, 0x00000006f1c00000| Untracked 
| 968|0x00000006f2000000, 0x00000006f2000000, 0x00000006f2400000|  0%| F|  |TAMS 0x00000006f2000000, 0x00000006f2000000| Untracked 
| 969|0x00000006f2400000, 0x00000006f2400000, 0x00000006f2800000|  0%| F|  |TAMS 0x00000006f2400000, 0x00000006f2400000| Untracked 
| 970|0x00000006f2800000, 0x00000006f2800000, 0x00000006f2c00000|  0%| F|  |TAMS 0x00000006f2800000, 0x00000006f2800000| Untracked 
| 971|0x00000006f2c00000, 0x00000006f2c00000, 0x00000006f3000000|  0%| F|  |TAMS 0x00000006f2c00000, 0x00000006f2c00000| Untracked 
| 972|0x00000006f3000000, 0x00000006f3000000, 0x00000006f3400000|  0%| F|  |TAMS 0x00000006f3000000, 0x00000006f3000000| Untracked 
| 973|0x00000006f3400000, 0x00000006f3400000, 0x00000006f3800000|  0%| F|  |TAMS 0x00000006f3400000, 0x00000006f3400000| Untracked 
| 974|0x00000006f3800000, 0x00000006f3800000, 0x00000006f3c00000|  0%| F|  |TAMS 0x00000006f3800000, 0x00000006f3800000| Untracked 
| 975|0x00000006f3c00000, 0x00000006f3c00000, 0x00000006f4000000|  0%| F|  |TAMS 0x00000006f3c00000, 0x00000006f3c00000| Untracked 
| 976|0x00000006f4000000, 0x00000006f4000000, 0x00000006f4400000|  0%| F|  |TAMS 0x00000006f4000000, 0x00000006f4000000| Untracked 
| 977|0x00000006f4400000, 0x00000006f4400000, 0x00000006f4800000|  0%| F|  |TAMS 0x00000006f4400000, 0x00000006f4400000| Untracked 
| 978|0x00000006f4800000, 0x00000006f4800000, 0x00000006f4c00000|  0%| F|  |TAMS 0x00000006f4800000, 0x00000006f4800000| Untracked 
| 979|0x00000006f4c00000, 0x00000006f4c00000, 0x00000006f5000000|  0%| F|  |TAMS 0x00000006f4c00000, 0x00000006f4c00000| Untracked 
| 980|0x00000006f5000000, 0x00000006f5000000, 0x00000006f5400000|  0%| F|  |TAMS 0x00000006f5000000, 0x00000006f5000000| Untracked 
| 981|0x00000006f5400000, 0x00000006f5400000, 0x00000006f5800000|  0%| F|  |TAMS 0x00000006f5400000, 0x00000006f5400000| Untracked 
| 982|0x00000006f5800000, 0x00000006f5800000, 0x00000006f5c00000|  0%| F|  |TAMS 0x00000006f5800000, 0x00000006f5800000| Untracked 
| 983|0x00000006f5c00000, 0x00000006f5c00000, 0x00000006f6000000|  0%| F|  |TAMS 0x00000006f5c00000, 0x00000006f5c00000| Untracked 
| 984|0x00000006f6000000, 0x00000006f6000000, 0x00000006f6400000|  0%| F|  |TAMS 0x00000006f6000000, 0x00000006f6000000| Untracked 
| 985|0x00000006f6400000, 0x00000006f6400000, 0x00000006f6800000|  0%| F|  |TAMS 0x00000006f6400000, 0x00000006f6400000| Untracked 
| 986|0x00000006f6800000, 0x00000006f6800000, 0x00000006f6c00000|  0%| F|  |TAMS 0x00000006f6800000, 0x00000006f6800000| Untracked 
| 987|0x00000006f6c00000, 0x00000006f6c00000, 0x00000006f7000000|  0%| F|  |TAMS 0x00000006f6c00000, 0x00000006f6c00000| Untracked 
| 988|0x00000006f7000000, 0x00000006f7000000, 0x00000006f7400000|  0%| F|  |TAMS 0x00000006f7000000, 0x00000006f7000000| Untracked 
| 989|0x00000006f7400000, 0x00000006f7400000, 0x00000006f7800000|  0%| F|  |TAMS 0x00000006f7400000, 0x00000006f7400000| Untracked 
| 990|0x00000006f7800000, 0x00000006f7800000, 0x00000006f7c00000|  0%| F|  |TAMS 0x00000006f7800000, 0x00000006f7800000| Untracked 
| 991|0x00000006f7c00000, 0x00000006f7c00000, 0x00000006f8000000|  0%| F|  |TAMS 0x00000006f7c00000, 0x00000006f7c00000| Untracked 
| 992|0x00000006f8000000, 0x00000006f8000000, 0x00000006f8400000|  0%| F|  |TAMS 0x00000006f8000000, 0x00000006f8000000| Untracked 
| 993|0x00000006f8400000, 0x00000006f8400000, 0x00000006f8800000|  0%| F|  |TAMS 0x00000006f8400000, 0x00000006f8400000| Untracked 
| 994|0x00000006f8800000, 0x00000006f8800000, 0x00000006f8c00000|  0%| F|  |TAMS 0x00000006f8800000, 0x00000006f8800000| Untracked 
| 995|0x00000006f8c00000, 0x00000006f8c00000, 0x00000006f9000000|  0%| F|  |TAMS 0x00000006f8c00000, 0x00000006f8c00000| Untracked 
| 996|0x00000006f9000000, 0x00000006f9000000, 0x00000006f9400000|  0%| F|  |TAMS 0x00000006f9000000, 0x00000006f9000000| Untracked 
| 997|0x00000006f9400000, 0x00000006f9400000, 0x00000006f9800000|  0%| F|  |TAMS 0x00000006f9400000, 0x00000006f9400000| Untracked 
| 998|0x00000006f9800000, 0x00000006f9800000, 0x00000006f9c00000|  0%| F|  |TAMS 0x00000006f9800000, 0x00000006f9800000| Untracked 
| 999|0x00000006f9c00000, 0x00000006f9c00000, 0x00000006fa000000|  0%| F|  |TAMS 0x00000006f9c00000, 0x00000006f9c00000| Untracked 
|1000|0x00000006fa000000, 0x00000006fa000000, 0x00000006fa400000|  0%| F|  |TAMS 0x00000006fa000000, 0x00000006fa000000| Untracked 
|1001|0x00000006fa400000, 0x00000006fa400000, 0x00000006fa800000|  0%| F|  |TAMS 0x00000006fa400000, 0x00000006fa400000| Untracked 
|1002|0x00000006fa800000, 0x00000006fa800000, 0x00000006fac00000|  0%| F|  |TAMS 0x00000006fa800000, 0x00000006fa800000| Untracked 
|1003|0x00000006fac00000, 0x00000006fac00000, 0x00000006fb000000|  0%| F|  |TAMS 0x00000006fac00000, 0x00000006fac00000| Untracked 
|1004|0x00000006fb000000, 0x00000006fb000000, 0x00000006fb400000|  0%| F|  |TAMS 0x00000006fb000000, 0x00000006fb000000| Untracked 
|1005|0x00000006fb400000, 0x00000006fb400000, 0x00000006fb800000|  0%| F|  |TAMS 0x00000006fb400000, 0x00000006fb400000| Untracked 
|1006|0x00000006fb800000, 0x00000006fb800000, 0x00000006fbc00000|  0%| F|  |TAMS 0x00000006fb800000, 0x00000006fb800000| Untracked 
|1007|0x00000006fbc00000, 0x00000006fbc00000, 0x00000006fc000000|  0%| F|  |TAMS 0x00000006fbc00000, 0x00000006fbc00000| Untracked 
|1008|0x00000006fc000000, 0x00000006fc000000, 0x00000006fc400000|  0%| F|  |TAMS 0x00000006fc000000, 0x00000006fc000000| Untracked 
|1009|0x00000006fc400000, 0x00000006fc400000, 0x00000006fc800000|  0%| F|  |TAMS 0x00000006fc400000, 0x00000006fc400000| Untracked 
|1010|0x00000006fc800000, 0x00000006fc800000, 0x00000006fcc00000|  0%| F|  |TAMS 0x00000006fc800000, 0x00000006fc800000| Untracked 
|1011|0x00000006fcc00000, 0x00000006fcc00000, 0x00000006fd000000|  0%| F|  |TAMS 0x00000006fcc00000, 0x00000006fcc00000| Untracked 
|1012|0x00000006fd000000, 0x00000006fd000000, 0x00000006fd400000|  0%| F|  |TAMS 0x00000006fd000000, 0x00000006fd000000| Untracked 
|1013|0x00000006fd400000, 0x00000006fd400000, 0x00000006fd800000|  0%| F|  |TAMS 0x00000006fd400000, 0x00000006fd400000| Untracked 
|1014|0x00000006fd800000, 0x00000006fd800000, 0x00000006fdc00000|  0%| F|  |TAMS 0x00000006fd800000, 0x00000006fd800000| Untracked 
|1015|0x00000006fdc00000, 0x00000006fdc00000, 0x00000006fe000000|  0%| F|  |TAMS 0x00000006fdc00000, 0x00000006fdc00000| Untracked 
|1016|0x00000006fe000000, 0x00000006fe000000, 0x00000006fe400000|  0%| F|  |TAMS 0x00000006fe000000, 0x00000006fe000000| Untracked 
|1017|0x00000006fe400000, 0x00000006fe400000, 0x00000006fe800000|  0%| F|  |TAMS 0x00000006fe400000, 0x00000006fe400000| Untracked 
|1018|0x00000006fe800000, 0x00000006fe800000, 0x00000006fec00000|  0%| F|  |TAMS 0x00000006fe800000, 0x00000006fe800000| Untracked 
|1019|0x00000006fec00000, 0x00000006fec00000, 0x00000006ff000000|  0%| F|  |TAMS 0x00000006fec00000, 0x00000006fec00000| Untracked 
|1020|0x00000006ff000000, 0x00000006ff000000, 0x00000006ff400000|  0%| F|  |TAMS 0x00000006ff000000, 0x00000006ff000000| Untracked 
|1021|0x00000006ff400000, 0x00000006ff400000, 0x00000006ff800000|  0%| F|  |TAMS 0x00000006ff400000, 0x00000006ff400000| Untracked 
|1022|0x00000006ff800000, 0x00000006ff800000, 0x00000006ffc00000|  0%| F|  |TAMS 0x00000006ff800000, 0x00000006ff800000| Untracked 
|1023|0x00000006ffc00000, 0x00000006ffc00000, 0x0000000700000000|  0%| F|  |TAMS 0x00000006ffc00000, 0x00000006ffc00000| Untracked 
|1024|0x0000000700000000, 0x0000000700000000, 0x0000000700400000|  0%| F|  |TAMS 0x0000000700000000, 0x0000000700000000| Untracked 
|1025|0x0000000700400000, 0x0000000700400000, 0x0000000700800000|  0%| F|  |TAMS 0x0000000700400000, 0x0000000700400000| Untracked 
|1026|0x0000000700800000, 0x0000000700800000, 0x0000000700c00000|  0%| F|  |TAMS 0x0000000700800000, 0x0000000700800000| Untracked 
|1027|0x0000000700c00000, 0x0000000700c00000, 0x0000000701000000|  0%| F|  |TAMS 0x0000000700c00000, 0x0000000700c00000| Untracked 
|1028|0x0000000701000000, 0x0000000701000000, 0x0000000701400000|  0%| F|  |TAMS 0x0000000701000000, 0x0000000701000000| Untracked 
|1029|0x0000000701400000, 0x0000000701400000, 0x0000000701800000|  0%| F|  |TAMS 0x0000000701400000, 0x0000000701400000| Untracked 
|1030|0x0000000701800000, 0x0000000701800000, 0x0000000701c00000|  0%| F|  |TAMS 0x0000000701800000, 0x0000000701800000| Untracked 
|1031|0x0000000701c00000, 0x0000000701c00000, 0x0000000702000000|  0%| F|  |TAMS 0x0000000701c00000, 0x0000000701c00000| Untracked 
|1032|0x0000000702000000, 0x0000000702000000, 0x0000000702400000|  0%| F|  |TAMS 0x0000000702000000, 0x0000000702000000| Untracked 
|1033|0x0000000702400000, 0x0000000702400000, 0x0000000702800000|  0%| F|  |TAMS 0x0000000702400000, 0x0000000702400000| Untracked 
|1034|0x0000000702800000, 0x0000000702800000, 0x0000000702c00000|  0%| F|  |TAMS 0x0000000702800000, 0x0000000702800000| Untracked 
|1035|0x0000000702c00000, 0x0000000702c00000, 0x0000000703000000|  0%| F|  |TAMS 0x0000000702c00000, 0x0000000702c00000| Untracked 
|1036|0x0000000703000000, 0x0000000703000000, 0x0000000703400000|  0%| F|  |TAMS 0x0000000703000000, 0x0000000703000000| Untracked 
|1037|0x0000000703400000, 0x0000000703400000, 0x0000000703800000|  0%| F|  |TAMS 0x0000000703400000, 0x0000000703400000| Untracked 
|1038|0x0000000703800000, 0x0000000703800000, 0x0000000703c00000|  0%| F|  |TAMS 0x0000000703800000, 0x0000000703800000| Untracked 
|1039|0x0000000703c00000, 0x0000000703c00000, 0x0000000704000000|  0%| F|  |TAMS 0x0000000703c00000, 0x0000000703c00000| Untracked 
|1040|0x0000000704000000, 0x0000000704000000, 0x0000000704400000|  0%| F|  |TAMS 0x0000000704000000, 0x0000000704000000| Untracked 
|1041|0x0000000704400000, 0x0000000704400000, 0x0000000704800000|  0%| F|  |TAMS 0x0000000704400000, 0x0000000704400000| Untracked 
|1042|0x0000000704800000, 0x0000000704800000, 0x0000000704c00000|  0%| F|  |TAMS 0x0000000704800000, 0x0000000704800000| Untracked 
|1043|0x0000000704c00000, 0x0000000704c00000, 0x0000000705000000|  0%| F|  |TAMS 0x0000000704c00000, 0x0000000704c00000| Untracked 
|1044|0x0000000705000000, 0x0000000705000000, 0x0000000705400000|  0%| F|  |TAMS 0x0000000705000000, 0x0000000705000000| Untracked 
|1045|0x0000000705400000, 0x0000000705400000, 0x0000000705800000|  0%| F|  |TAMS 0x0000000705400000, 0x0000000705400000| Untracked 
|1046|0x0000000705800000, 0x0000000705800000, 0x0000000705c00000|  0%| F|  |TAMS 0x0000000705800000, 0x0000000705800000| Untracked 
|1047|0x0000000705c00000, 0x0000000705c00000, 0x0000000706000000|  0%| F|  |TAMS 0x0000000705c00000, 0x0000000705c00000| Untracked 
|1048|0x0000000706000000, 0x0000000706000000, 0x0000000706400000|  0%| F|  |TAMS 0x0000000706000000, 0x0000000706000000| Untracked 
|1049|0x0000000706400000, 0x0000000706400000, 0x0000000706800000|  0%| F|  |TAMS 0x0000000706400000, 0x0000000706400000| Untracked 
|1050|0x0000000706800000, 0x0000000706800000, 0x0000000706c00000|  0%| F|  |TAMS 0x0000000706800000, 0x0000000706800000| Untracked 
|1051|0x0000000706c00000, 0x0000000706c00000, 0x0000000707000000|  0%| F|  |TAMS 0x0000000706c00000, 0x0000000706c00000| Untracked 
|1052|0x0000000707000000, 0x0000000707000000, 0x0000000707400000|  0%| F|  |TAMS 0x0000000707000000, 0x0000000707000000| Untracked 
|1053|0x0000000707400000, 0x0000000707400000, 0x0000000707800000|  0%| F|  |TAMS 0x0000000707400000, 0x0000000707400000| Untracked 
|1054|0x0000000707800000, 0x0000000707800000, 0x0000000707c00000|  0%| F|  |TAMS 0x0000000707800000, 0x0000000707800000| Untracked 
|1055|0x0000000707c00000, 0x0000000707c00000, 0x0000000708000000|  0%| F|  |TAMS 0x0000000707c00000, 0x0000000707c00000| Untracked 
|1056|0x0000000708000000, 0x0000000708000000, 0x0000000708400000|  0%| F|  |TAMS 0x0000000708000000, 0x0000000708000000| Untracked 
|1057|0x0000000708400000, 0x0000000708400000, 0x0000000708800000|  0%| F|  |TAMS 0x0000000708400000, 0x0000000708400000| Untracked 
|1058|0x0000000708800000, 0x0000000708800000, 0x0000000708c00000|  0%| F|  |TAMS 0x0000000708800000, 0x0000000708800000| Untracked 
|1059|0x0000000708c00000, 0x0000000708c00000, 0x0000000709000000|  0%| F|  |TAMS 0x0000000708c00000, 0x0000000708c00000| Untracked 
|1060|0x0000000709000000, 0x0000000709000000, 0x0000000709400000|  0%| F|  |TAMS 0x0000000709000000, 0x0000000709000000| Untracked 
|1061|0x0000000709400000, 0x0000000709400000, 0x0000000709800000|  0%| F|  |TAMS 0x0000000709400000, 0x0000000709400000| Untracked 
|1062|0x0000000709800000, 0x0000000709800000, 0x0000000709c00000|  0%| F|  |TAMS 0x0000000709800000, 0x0000000709800000| Untracked 
|1063|0x0000000709c00000, 0x0000000709c00000, 0x000000070a000000|  0%| F|  |TAMS 0x0000000709c00000, 0x0000000709c00000| Untracked 
|1064|0x000000070a000000, 0x000000070a000000, 0x000000070a400000|  0%| F|  |TAMS 0x000000070a000000, 0x000000070a000000| Untracked 
|1065|0x000000070a400000, 0x000000070a400000, 0x000000070a800000|  0%| F|  |TAMS 0x000000070a400000, 0x000000070a400000| Untracked 
|1066|0x000000070a800000, 0x000000070a800000, 0x000000070ac00000|  0%| F|  |TAMS 0x000000070a800000, 0x000000070a800000| Untracked 
|1067|0x000000070ac00000, 0x000000070ac00000, 0x000000070b000000|  0%| F|  |TAMS 0x000000070ac00000, 0x000000070ac00000| Untracked 
|1068|0x000000070b000000, 0x000000070b000000, 0x000000070b400000|  0%| F|  |TAMS 0x000000070b000000, 0x000000070b000000| Untracked 
|1069|0x000000070b400000, 0x000000070b400000, 0x000000070b800000|  0%| F|  |TAMS 0x000000070b400000, 0x000000070b400000| Untracked 
|1070|0x000000070b800000, 0x000000070b800000, 0x000000070bc00000|  0%| F|  |TAMS 0x000000070b800000, 0x000000070b800000| Untracked 
|1071|0x000000070bc00000, 0x000000070bc00000, 0x000000070c000000|  0%| F|  |TAMS 0x000000070bc00000, 0x000000070bc00000| Untracked 
|1072|0x000000070c000000, 0x000000070c000000, 0x000000070c400000|  0%| F|  |TAMS 0x000000070c000000, 0x000000070c000000| Untracked 
|1073|0x000000070c400000, 0x000000070c400000, 0x000000070c800000|  0%| F|  |TAMS 0x000000070c400000, 0x000000070c400000| Untracked 
|1074|0x000000070c800000, 0x000000070c800000, 0x000000070cc00000|  0%| F|  |TAMS 0x000000070c800000, 0x000000070c800000| Untracked 
|1075|0x000000070cc00000, 0x000000070cc00000, 0x000000070d000000|  0%| F|  |TAMS 0x000000070cc00000, 0x000000070cc00000| Untracked 
|1076|0x000000070d000000, 0x000000070d000000, 0x000000070d400000|  0%| F|  |TAMS 0x000000070d000000, 0x000000070d000000| Untracked 
|1077|0x000000070d400000, 0x000000070d400000, 0x000000070d800000|  0%| F|  |TAMS 0x000000070d400000, 0x000000070d400000| Untracked 
|1078|0x000000070d800000, 0x000000070d800000, 0x000000070dc00000|  0%| F|  |TAMS 0x000000070d800000, 0x000000070d800000| Untracked 
|1079|0x000000070dc00000, 0x000000070dc00000, 0x000000070e000000|  0%| F|  |TAMS 0x000000070dc00000, 0x000000070dc00000| Untracked 
|1080|0x000000070e000000, 0x000000070e000000, 0x000000070e400000|  0%| F|  |TAMS 0x000000070e000000, 0x000000070e000000| Untracked 
|1081|0x000000070e400000, 0x000000070e400000, 0x000000070e800000|  0%| F|  |TAMS 0x000000070e400000, 0x000000070e400000| Untracked 
|1082|0x000000070e800000, 0x000000070e800000, 0x000000070ec00000|  0%| F|  |TAMS 0x000000070e800000, 0x000000070e800000| Untracked 
|1083|0x000000070ec00000, 0x000000070ec00000, 0x000000070f000000|  0%| F|  |TAMS 0x000000070ec00000, 0x000000070ec00000| Untracked 
|1084|0x000000070f000000, 0x000000070f000000, 0x000000070f400000|  0%| F|  |TAMS 0x000000070f000000, 0x000000070f000000| Untracked 
|1085|0x000000070f400000, 0x000000070f400000, 0x000000070f800000|  0%| F|  |TAMS 0x000000070f400000, 0x000000070f400000| Untracked 
|1086|0x000000070f800000, 0x000000070f800000, 0x000000070fc00000|  0%| F|  |TAMS 0x000000070f800000, 0x000000070f800000| Untracked 
|1087|0x000000070fc00000, 0x000000070fc00000, 0x0000000710000000|  0%| F|  |TAMS 0x000000070fc00000, 0x000000070fc00000| Untracked 
|1088|0x0000000710000000, 0x0000000710000000, 0x0000000710400000|  0%| F|  |TAMS 0x0000000710000000, 0x0000000710000000| Untracked 
|1089|0x0000000710400000, 0x0000000710400000, 0x0000000710800000|  0%| F|  |TAMS 0x0000000710400000, 0x0000000710400000| Untracked 
|1090|0x0000000710800000, 0x0000000710800000, 0x0000000710c00000|  0%| F|  |TAMS 0x0000000710800000, 0x0000000710800000| Untracked 
|1091|0x0000000710c00000, 0x0000000710c00000, 0x0000000711000000|  0%| F|  |TAMS 0x0000000710c00000, 0x0000000710c00000| Untracked 
|1092|0x0000000711000000, 0x0000000711000000, 0x0000000711400000|  0%| F|  |TAMS 0x0000000711000000, 0x0000000711000000| Untracked 
|1093|0x0000000711400000, 0x0000000711400000, 0x0000000711800000|  0%| F|  |TAMS 0x0000000711400000, 0x0000000711400000| Untracked 
|1094|0x0000000711800000, 0x0000000711800000, 0x0000000711c00000|  0%| F|  |TAMS 0x0000000711800000, 0x0000000711800000| Untracked 
|1095|0x0000000711c00000, 0x0000000711c00000, 0x0000000712000000|  0%| F|  |TAMS 0x0000000711c00000, 0x0000000711c00000| Untracked 
|1096|0x0000000712000000, 0x0000000712000000, 0x0000000712400000|  0%| F|  |TAMS 0x0000000712000000, 0x0000000712000000| Untracked 
|1097|0x0000000712400000, 0x0000000712400000, 0x0000000712800000|  0%| F|  |TAMS 0x0000000712400000, 0x0000000712400000| Untracked 
|1098|0x0000000712800000, 0x0000000712800000, 0x0000000712c00000|  0%| F|  |TAMS 0x0000000712800000, 0x0000000712800000| Untracked 
|1099|0x0000000712c00000, 0x0000000712c00000, 0x0000000713000000|  0%| F|  |TAMS 0x0000000712c00000, 0x0000000712c00000| Untracked 
|1100|0x0000000713000000, 0x0000000713000000, 0x0000000713400000|  0%| F|  |TAMS 0x0000000713000000, 0x0000000713000000| Untracked 
|1101|0x0000000713400000, 0x0000000713400000, 0x0000000713800000|  0%| F|  |TAMS 0x0000000713400000, 0x0000000713400000| Untracked 
|1102|0x0000000713800000, 0x0000000713800000, 0x0000000713c00000|  0%| F|  |TAMS 0x0000000713800000, 0x0000000713800000| Untracked 
|1103|0x0000000713c00000, 0x0000000713c00000, 0x0000000714000000|  0%| F|  |TAMS 0x0000000713c00000, 0x0000000713c00000| Untracked 
|1104|0x0000000714000000, 0x0000000714000000, 0x0000000714400000|  0%| F|  |TAMS 0x0000000714000000, 0x0000000714000000| Untracked 
|1105|0x0000000714400000, 0x0000000714400000, 0x0000000714800000|  0%| F|  |TAMS 0x0000000714400000, 0x0000000714400000| Untracked 
|1106|0x0000000714800000, 0x0000000714800000, 0x0000000714c00000|  0%| F|  |TAMS 0x0000000714800000, 0x0000000714800000| Untracked 
|1107|0x0000000714c00000, 0x0000000714c00000, 0x0000000715000000|  0%| F|  |TAMS 0x0000000714c00000, 0x0000000714c00000| Untracked 
|1108|0x0000000715000000, 0x0000000715000000, 0x0000000715400000|  0%| F|  |TAMS 0x0000000715000000, 0x0000000715000000| Untracked 
|1109|0x0000000715400000, 0x0000000715400000, 0x0000000715800000|  0%| F|  |TAMS 0x0000000715400000, 0x0000000715400000| Untracked 
|1110|0x0000000715800000, 0x0000000715800000, 0x0000000715c00000|  0%| F|  |TAMS 0x0000000715800000, 0x0000000715800000| Untracked 
|1111|0x0000000715c00000, 0x0000000715c00000, 0x0000000716000000|  0%| F|  |TAMS 0x0000000715c00000, 0x0000000715c00000| Untracked 
|1112|0x0000000716000000, 0x0000000716000000, 0x0000000716400000|  0%| F|  |TAMS 0x0000000716000000, 0x0000000716000000| Untracked 
|1113|0x0000000716400000, 0x0000000716400000, 0x0000000716800000|  0%| F|  |TAMS 0x0000000716400000, 0x0000000716400000| Untracked 
|1114|0x0000000716800000, 0x0000000716800000, 0x0000000716c00000|  0%| F|  |TAMS 0x0000000716800000, 0x0000000716800000| Untracked 
|1115|0x0000000716c00000, 0x0000000716c00000, 0x0000000717000000|  0%| F|  |TAMS 0x0000000716c00000, 0x0000000716c00000| Untracked 
|1116|0x0000000717000000, 0x0000000717000000, 0x0000000717400000|  0%| F|  |TAMS 0x0000000717000000, 0x0000000717000000| Untracked 
|1117|0x0000000717400000, 0x0000000717400000, 0x0000000717800000|  0%| F|  |TAMS 0x0000000717400000, 0x0000000717400000| Untracked 
|1118|0x0000000717800000, 0x0000000717800000, 0x0000000717c00000|  0%| F|  |TAMS 0x0000000717800000, 0x0000000717800000| Untracked 
|1119|0x0000000717c00000, 0x0000000717c00000, 0x0000000718000000|  0%| F|  |TAMS 0x0000000717c00000, 0x0000000717c00000| Untracked 
|1120|0x0000000718000000, 0x0000000718000000, 0x0000000718400000|  0%| F|  |TAMS 0x0000000718000000, 0x0000000718000000| Untracked 
|1121|0x0000000718400000, 0x0000000718400000, 0x0000000718800000|  0%| F|  |TAMS 0x0000000718400000, 0x0000000718400000| Untracked 
|1122|0x0000000718800000, 0x0000000718800000, 0x0000000718c00000|  0%| F|  |TAMS 0x0000000718800000, 0x0000000718800000| Untracked 
|1123|0x0000000718c00000, 0x0000000718e0c058, 0x0000000719000000| 51%| S|CS|TAMS 0x0000000718c00000, 0x0000000718c00000| Complete 
|1124|0x0000000719000000, 0x0000000719400000, 0x0000000719400000|100%| S|CS|TAMS 0x0000000719000000, 0x0000000719000000| Complete 
|1125|0x0000000719400000, 0x0000000719800000, 0x0000000719800000|100%| S|CS|TAMS 0x0000000719400000, 0x0000000719400000| Complete 
|1126|0x0000000719800000, 0x0000000719c00000, 0x0000000719c00000|100%| S|CS|TAMS 0x0000000719800000, 0x0000000719800000| Complete 
|1127|0x0000000719c00000, 0x0000000719c00000, 0x000000071a000000|  0%| F|  |TAMS 0x0000000719c00000, 0x0000000719c00000| Untracked 
|1128|0x000000071a000000, 0x000000071a000000, 0x000000071a400000|  0%| F|  |TAMS 0x000000071a000000, 0x000000071a000000| Untracked 
|1129|0x000000071a400000, 0x000000071a400000, 0x000000071a800000|  0%| F|  |TAMS 0x000000071a400000, 0x000000071a400000| Untracked 
|1130|0x000000071a800000, 0x000000071a800000, 0x000000071ac00000|  0%| F|  |TAMS 0x000000071a800000, 0x000000071a800000| Untracked 
|1131|0x000000071ac00000, 0x000000071b000000, 0x000000071b000000|100%| S|CS|TAMS 0x000000071ac00000, 0x000000071ac00000| Complete 
|1132|0x000000071b000000, 0x000000071b000000, 0x000000071b400000|  0%| F|  |TAMS 0x000000071b000000, 0x000000071b000000| Untracked 
|1133|0x000000071b400000, 0x000000071b400000, 0x000000071b800000|  0%| F|  |TAMS 0x000000071b400000, 0x000000071b400000| Untracked 
|1134|0x000000071b800000, 0x000000071b800000, 0x000000071bc00000|  0%| F|  |TAMS 0x000000071b800000, 0x000000071b800000| Untracked 
|1135|0x000000071bc00000, 0x000000071bc00000, 0x000000071c000000|  0%| F|  |TAMS 0x000000071bc00000, 0x000000071bc00000| Untracked 
|1136|0x000000071c000000, 0x000000071c000000, 0x000000071c400000|  0%| F|  |TAMS 0x000000071c000000, 0x000000071c000000| Untracked 
|1137|0x000000071c400000, 0x000000071c400000, 0x000000071c800000|  0%| F|  |TAMS 0x000000071c400000, 0x000000071c400000| Untracked 
|1138|0x000000071c800000, 0x000000071c800000, 0x000000071cc00000|  0%| F|  |TAMS 0x000000071c800000, 0x000000071c800000| Untracked 
|1139|0x000000071cc00000, 0x000000071cc00000, 0x000000071d000000|  0%| F|  |TAMS 0x000000071cc00000, 0x000000071cc00000| Untracked 
|1140|0x000000071d000000, 0x000000071d000000, 0x000000071d400000|  0%| F|  |TAMS 0x000000071d000000, 0x000000071d000000| Untracked 
|1141|0x000000071d400000, 0x000000071d400000, 0x000000071d800000|  0%| F|  |TAMS 0x000000071d400000, 0x000000071d400000| Untracked 
|1142|0x000000071d800000, 0x000000071d800000, 0x000000071dc00000|  0%| F|  |TAMS 0x000000071d800000, 0x000000071d800000| Untracked 
|1143|0x000000071dc00000, 0x000000071dc00000, 0x000000071e000000|  0%| F|  |TAMS 0x000000071dc00000, 0x000000071dc00000| Untracked 
|1144|0x000000071e000000, 0x000000071e000000, 0x000000071e400000|  0%| F|  |TAMS 0x000000071e000000, 0x000000071e000000| Untracked 
|1145|0x000000071e400000, 0x000000071e400000, 0x000000071e800000|  0%| F|  |TAMS 0x000000071e400000, 0x000000071e400000| Untracked 
|1146|0x000000071e800000, 0x000000071e800000, 0x000000071ec00000|  0%| F|  |TAMS 0x000000071e800000, 0x000000071e800000| Untracked 
|1147|0x000000071ec00000, 0x000000071ec00000, 0x000000071f000000|  0%| F|  |TAMS 0x000000071ec00000, 0x000000071ec00000| Untracked 
|1148|0x000000071f000000, 0x000000071f000000, 0x000000071f400000|  0%| F|  |TAMS 0x000000071f000000, 0x000000071f000000| Untracked 
|1149|0x000000071f400000, 0x000000071f400000, 0x000000071f800000|  0%| F|  |TAMS 0x000000071f400000, 0x000000071f400000| Untracked 
|1150|0x000000071f800000, 0x000000071f800000, 0x000000071fc00000|  0%| F|  |TAMS 0x000000071f800000, 0x000000071f800000| Untracked 
|1151|0x000000071fc00000, 0x000000071fc00000, 0x0000000720000000|  0%| F|  |TAMS 0x000000071fc00000, 0x000000071fc00000| Untracked 
|1152|0x0000000720000000, 0x0000000720000000, 0x0000000720400000|  0%| F|  |TAMS 0x0000000720000000, 0x0000000720000000| Untracked 
|1153|0x0000000720400000, 0x0000000720400000, 0x0000000720800000|  0%| F|  |TAMS 0x0000000720400000, 0x0000000720400000| Untracked 
|1154|0x0000000720800000, 0x0000000720800000, 0x0000000720c00000|  0%| F|  |TAMS 0x0000000720800000, 0x0000000720800000| Untracked 
|1155|0x0000000720c00000, 0x0000000720c00000, 0x0000000721000000|  0%| F|  |TAMS 0x0000000720c00000, 0x0000000720c00000| Untracked 
|1156|0x0000000721000000, 0x0000000721000000, 0x0000000721400000|  0%| F|  |TAMS 0x0000000721000000, 0x0000000721000000| Untracked 
|1157|0x0000000721400000, 0x0000000721400000, 0x0000000721800000|  0%| F|  |TAMS 0x0000000721400000, 0x0000000721400000| Untracked 
|1158|0x0000000721800000, 0x0000000721800000, 0x0000000721c00000|  0%| F|  |TAMS 0x0000000721800000, 0x0000000721800000| Untracked 
|1159|0x0000000721c00000, 0x0000000721c00000, 0x0000000722000000|  0%| F|  |TAMS 0x0000000721c00000, 0x0000000721c00000| Untracked 
|1160|0x0000000722000000, 0x0000000722000000, 0x0000000722400000|  0%| F|  |TAMS 0x0000000722000000, 0x0000000722000000| Untracked 
|1161|0x0000000722400000, 0x0000000722400000, 0x0000000722800000|  0%| F|  |TAMS 0x0000000722400000, 0x0000000722400000| Untracked 
|1162|0x0000000722800000, 0x0000000722800000, 0x0000000722c00000|  0%| F|  |TAMS 0x0000000722800000, 0x0000000722800000| Untracked 
|1163|0x0000000722c00000, 0x0000000722c00000, 0x0000000723000000|  0%| F|  |TAMS 0x0000000722c00000, 0x0000000722c00000| Untracked 
|1164|0x0000000723000000, 0x0000000723000000, 0x0000000723400000|  0%| F|  |TAMS 0x0000000723000000, 0x0000000723000000| Untracked 
|1165|0x0000000723400000, 0x0000000723400000, 0x0000000723800000|  0%| F|  |TAMS 0x0000000723400000, 0x0000000723400000| Untracked 
|1166|0x0000000723800000, 0x0000000723800000, 0x0000000723c00000|  0%| F|  |TAMS 0x0000000723800000, 0x0000000723800000| Untracked 
|1167|0x0000000723c00000, 0x0000000723c00000, 0x0000000724000000|  0%| F|  |TAMS 0x0000000723c00000, 0x0000000723c00000| Untracked 
|1168|0x0000000724000000, 0x0000000724000000, 0x0000000724400000|  0%| F|  |TAMS 0x0000000724000000, 0x0000000724000000| Untracked 
|1169|0x0000000724400000, 0x0000000724400000, 0x0000000724800000|  0%| F|  |TAMS 0x0000000724400000, 0x0000000724400000| Untracked 
|1170|0x0000000724800000, 0x0000000724800000, 0x0000000724c00000|  0%| F|  |TAMS 0x0000000724800000, 0x0000000724800000| Untracked 
|1171|0x0000000724c00000, 0x0000000724c00000, 0x0000000725000000|  0%| F|  |TAMS 0x0000000724c00000, 0x0000000724c00000| Untracked 
|1172|0x0000000725000000, 0x0000000725000000, 0x0000000725400000|  0%| F|  |TAMS 0x0000000725000000, 0x0000000725000000| Untracked 
|1173|0x0000000725400000, 0x0000000725400000, 0x0000000725800000|  0%| F|  |TAMS 0x0000000725400000, 0x0000000725400000| Untracked 
|1174|0x0000000725800000, 0x0000000725800000, 0x0000000725c00000|  0%| F|  |TAMS 0x0000000725800000, 0x0000000725800000| Untracked 
|1175|0x0000000725c00000, 0x0000000725c00000, 0x0000000726000000|  0%| F|  |TAMS 0x0000000725c00000, 0x0000000725c00000| Untracked 
|1176|0x0000000726000000, 0x0000000726000000, 0x0000000726400000|  0%| F|  |TAMS 0x0000000726000000, 0x0000000726000000| Untracked 
|1177|0x0000000726400000, 0x0000000726400000, 0x0000000726800000|  0%| F|  |TAMS 0x0000000726400000, 0x0000000726400000| Untracked 
|1178|0x0000000726800000, 0x0000000726800000, 0x0000000726c00000|  0%| F|  |TAMS 0x0000000726800000, 0x0000000726800000| Untracked 
|1179|0x0000000726c00000, 0x0000000726c00000, 0x0000000727000000|  0%| F|  |TAMS 0x0000000726c00000, 0x0000000726c00000| Untracked 
|1180|0x0000000727000000, 0x0000000727000000, 0x0000000727400000|  0%| F|  |TAMS 0x0000000727000000, 0x0000000727000000| Untracked 
|1181|0x0000000727400000, 0x0000000727400000, 0x0000000727800000|  0%| F|  |TAMS 0x0000000727400000, 0x0000000727400000| Untracked 
|1182|0x0000000727800000, 0x0000000727800000, 0x0000000727c00000|  0%| F|  |TAMS 0x0000000727800000, 0x0000000727800000| Untracked 
|1183|0x0000000727c00000, 0x0000000727c00000, 0x0000000728000000|  0%| F|  |TAMS 0x0000000727c00000, 0x0000000727c00000| Untracked 
|1184|0x0000000728000000, 0x0000000728000000, 0x0000000728400000|  0%| F|  |TAMS 0x0000000728000000, 0x0000000728000000| Untracked 
|1185|0x0000000728400000, 0x0000000728400000, 0x0000000728800000|  0%| F|  |TAMS 0x0000000728400000, 0x0000000728400000| Untracked 

Card table byte_map: [0x0000022177570000,0x0000022178570000] _byte_map_base: 0x0000022174570000

Marking Bits (Prev, Next): (CMBitMap*) 0x000002214e297190, (CMBitMap*) 0x000002214e2971d0
 Prev Bits: [0x0000022100000000, 0x0000022108000000)
 Next Bits: [0x0000022108000000, 0x0000022110000000)

Polling page: 0x000002214c070000

Metaspace:

Usage:
  Non-class:    397.27 MB used.
      Class:     56.75 MB used.
       Both:    454.02 MB used.

Virtual space:
  Non-class space:      448.00 MB reserved,     398.50 MB ( 89%) committed,  7 nodes.
      Class space:        1.00 GB reserved,      57.94 MB (  6%) committed,  1 nodes.
             Both:        1.44 GB reserved,     456.44 MB ( 31%) committed. 

Chunk freelists:
   Non-Class:  1.17 MB
       Class:  6.03 MB
        Both:  7.20 MB

MaxMetaspaceSize: 4.00 GB
CompressedClassSpaceSize: 1.00 GB
Initial GC threshold: 21.00 MB
Current GC threshold: 742.00 MB
CDS: on
MetaspaceReclaimPolicy: balanced
 - commit_granule_bytes: 65536.
 - commit_granule_words: 8192.
 - virtual_space_node_default_size: 8388608.
 - enlarge_chunks_in_place: 1.
 - new_chunks_are_fully_committed: 0.
 - uncommit_free_chunks: 1.
 - use_allocation_guard: 0.
 - handle_deallocations: 1.


Internal statistics:

num_allocs_failed_limit: 148.
num_arena_births: 4228.
num_arena_deaths: 244.
num_vsnodes_births: 8.
num_vsnodes_deaths: 0.
num_space_committed: 7302.
num_space_uncommitted: 10.
num_chunks_returned_to_freelist: 616.
num_chunks_taken_from_freelist: 23677.
num_chunk_merges: 276.
num_chunk_splits: 16877.
num_chunks_enlarged: 12206.
num_inconsistent_stats: 0.

CodeHeap 'non-profiled nmethods': size=258432Kb used=49619Kb max_used=49619Kb free=208812Kb
 bounds [0x0000022165e70000, 0x0000022168f00000, 0x0000022175ad0000]
CodeHeap 'profiled nmethods': size=258368Kb used=147287Kb max_used=147953Kb free=111080Kb
 bounds [0x0000022155ad0000, 0x000002215eb70000, 0x0000022165720000]
CodeHeap 'non-nmethods': size=7488Kb used=2897Kb max_used=4715Kb free=4591Kb
 bounds [0x0000022165720000, 0x0000022165bd0000, 0x0000022165e70000]
 total_blobs=63545 nmethods=62039 adapters=1410
 compilation: enabled
              stopped_count=0, restarted_count=0
 full_count=0

Compilation events (20 events):
Event: 653.752 Thread 0x000002217b76e480 82498       1       com.android.tools.r8.internal.s2::a (2 bytes)
Event: 653.752 Thread 0x000002217b76e480 nmethod 82498 0x0000022168a3cd10 code [0x0000022168a3cea0, 0x0000022168a3cf78]
Event: 653.757 Thread 0x000002217b76e480 82501       2       com.android.tools.r8.internal.q::d (5 bytes)
Event: 653.757 Thread 0x000002217b76e480 nmethod 82501 0x000002215e669410 code [0x000002215e6695a0, 0x000002215e6696f8]
Event: 653.764 Thread 0x000002217b76e480 82502       3       com.android.tools.r8.internal.Tt0::hashCode (26 bytes)
Event: 653.765 Thread 0x000002217b76e480 nmethod 82502 0x000002215e69de90 code [0x000002215e69e060, 0x000002215e69e5c8]
Event: 653.765 Thread 0x000002217b76e480 82503       3       com.android.tools.r8.internal.Aj::a (9 bytes)
Event: 653.766 Thread 0x000002217b76e480 nmethod 82503 0x000002215e69d690 code [0x000002215e69d840, 0x000002215e69dad8]
Event: 653.771 Thread 0x000002217b76e480 82504       3       com.android.tools.r8.internal.Bo0::a (620 bytes)
Event: 653.777 Thread 0x000002217b76e480 nmethod 82504 0x000002215e3c1910 code [0x000002215e3c1ec0, 0x000002215e3c5b18]
Event: 653.777 Thread 0x000002217b76e480 82506       3       com.android.tools.r8.internal.wo0::a (72 bytes)
Event: 653.778 Thread 0x000002217b76e480 nmethod 82506 0x000002215e706410 code [0x000002215e706640, 0x000002215e706ff8]
Event: 653.778 Thread 0x000002217b76e480 82505       3       com.android.tools.r8.internal.Aj::b (15 bytes)
Event: 653.780 Thread 0x000002217b76e480 nmethod 82505 0x000002215e6b1690 code [0x000002215e6b18a0, 0x000002215e6b1ed8]
Event: 653.780 Thread 0x000002217b76e480 82507       3       com.android.tools.r8.internal.Aj::a (26 bytes)
Event: 653.780 Thread 0x000002217b76e480 nmethod 82507 0x000002215e6c5a10 code [0x000002215e6c5be0, 0x000002215e6c6128]
Event: 653.780 Thread 0x000002217b76e480 82508  s    3       com.android.tools.r8.internal.G30::a (10 bytes)
Event: 653.781 Thread 0x000002217b76e480 nmethod 82508 0x000002215e6b1010 code [0x000002215e6b11c0, 0x000002215e6b1428]
Event: 653.781 Thread 0x000002217b76e480 82509       2       com.android.tools.r8.internal.qe0::a (50 bytes)
Event: 653.782 Thread 0x000002217b76e480 nmethod 82509 0x000002215e6c5110 code [0x000002215e6c5300, 0x000002215e6c5618]

GC Heap History (20 events):
Event: 621.838 GC heap after
{Heap after GC invocations=148 (full 0):
 garbage-first heap   total 3276800K, used 862869K [0x0000000600000000, 0x0000000800000000)
  region size 4096K, 2 young (8192K), 2 survivors (8192K)
 Metaspace       used 456417K, committed 458880K, reserved 1507328K
  class space    used 57073K, committed 58304K, reserved 1048576K
}
Event: 637.041 GC heap before
{Heap before GC invocations=148 (full 0):
 garbage-first heap   total 3276800K, used 1989269K [0x0000000600000000, 0x0000000800000000)
  region size 4096K, 277 young (1134592K), 2 survivors (8192K)
 Metaspace       used 463564K, committed 466048K, reserved 1507328K
  class space    used 57980K, committed 59200K, reserved 1048576K
}
Event: 637.062 GC heap after
{Heap after GC invocations=149 (full 0):
 garbage-first heap   total 3276800K, used 888073K [0x0000000600000000, 0x0000000800000000)
  region size 4096K, 9 young (36864K), 9 survivors (36864K)
 Metaspace       used 463564K, committed 466048K, reserved 1507328K
  class space    used 57980K, committed 59200K, reserved 1048576K
}
Event: 639.664 GC heap before
{Heap before GC invocations=149 (full 0):
 garbage-first heap   total 3276800K, used 2202889K [0x0000000600000000, 0x0000000800000000)
  region size 4096K, 330 young (1351680K), 9 survivors (36864K)
 Metaspace       used 464358K, committed 466816K, reserved 1507328K
  class space    used 58068K, committed 59264K, reserved 1048576K
}
Event: 639.698 GC heap after
{Heap after GC invocations=150 (full 0):
 garbage-first heap   total 3276800K, used 897239K [0x0000000600000000, 0x0000000800000000)
  region size 4096K, 11 young (45056K), 11 survivors (45056K)
 Metaspace       used 464358K, committed 466816K, reserved 1507328K
  class space    used 58068K, committed 59264K, reserved 1048576K
}
Event: 642.976 GC heap before
{Heap before GC invocations=150 (full 0):
 garbage-first heap   total 3276800K, used 2674903K [0x0000000600000000, 0x0000000800000000)
  region size 4096K, 445 young (1822720K), 11 survivors (45056K)
 Metaspace       used 464761K, committed 467200K, reserved 1507328K
  class space    used 58103K, committed 59328K, reserved 1048576K
}
Event: 646.614 GC heap after
{Heap after GC invocations=151 (full 0):
 garbage-first heap   total 3276800K, used 906002K [0x0000000600000000, 0x0000000800000000)
  region size 4096K, 13 young (53248K), 13 survivors (53248K)
 Metaspace       used 464761K, committed 467200K, reserved 1507328K
  class space    used 58103K, committed 59328K, reserved 1048576K
}
Event: 647.444 GC heap before
{Heap before GC invocations=151 (full 0):
 garbage-first heap   total 3276800K, used 1016594K [0x0000000600000000, 0x0000000800000000)
  region size 4096K, 40 young (163840K), 13 survivors (53248K)
 Metaspace       used 464806K, committed 467264K, reserved 1507328K
  class space    used 58107K, committed 59328K, reserved 1048576K
}
Event: 651.621 GC heap after
{Heap after GC invocations=152 (full 0):
 garbage-first heap   total 4857856K, used 907078K [0x0000000600000000, 0x0000000800000000)
  region size 4096K, 4 young (16384K), 4 survivors (16384K)
 Metaspace       used 464806K, committed 467264K, reserved 1507328K
  class space    used 58107K, committed 59328K, reserved 1048576K
}
Event: 651.866 GC heap before
{Heap before GC invocations=152 (full 0):
 garbage-first heap   total 4857856K, used 1132358K [0x0000000600000000, 0x0000000800000000)
  region size 4096K, 59 young (241664K), 4 survivors (16384K)
 Metaspace       used 464822K, committed 467264K, reserved 1507328K
  class space    used 58107K, committed 59328K, reserved 1048576K
}
Event: 651.918 GC heap after
{Heap after GC invocations=153 (full 0):
 garbage-first heap   total 4857856K, used 906504K [0x0000000600000000, 0x0000000800000000)
  region size 4096K, 4 young (16384K), 4 survivors (16384K)
 Metaspace       used 464822K, committed 467264K, reserved 1507328K
  class space    used 58107K, committed 59328K, reserved 1048576K
}
Event: 652.303 GC heap before
{Heap before GC invocations=153 (full 0):
 garbage-first heap   total 4857856K, used 1131784K [0x0000000600000000, 0x0000000800000000)
  region size 4096K, 59 young (241664K), 4 survivors (16384K)
 Metaspace       used 464856K, committed 467328K, reserved 1507328K
  class space    used 58110K, committed 59328K, reserved 1048576K
}
Event: 652.310 GC heap after
{Heap after GC invocations=154 (full 0):
 garbage-first heap   total 4857856K, used 907519K [0x0000000600000000, 0x0000000800000000)
  region size 4096K, 4 young (16384K), 4 survivors (16384K)
 Metaspace       used 464856K, committed 467328K, reserved 1507328K
  class space    used 58110K, committed 59328K, reserved 1048576K
}
Event: 652.705 GC heap before
{Heap before GC invocations=154 (full 0):
 garbage-first heap   total 4857856K, used 1132799K [0x0000000600000000, 0x0000000800000000)
  region size 4096K, 59 young (241664K), 4 survivors (16384K)
 Metaspace       used 464866K, committed 467328K, reserved 1507328K
  class space    used 58110K, committed 59328K, reserved 1048576K
}
Event: 652.712 GC heap after
{Heap after GC invocations=155 (full 0):
 garbage-first heap   total 4857856K, used 908039K [0x0000000600000000, 0x0000000800000000)
  region size 4096K, 4 young (16384K), 4 survivors (16384K)
 Metaspace       used 464866K, committed 467328K, reserved 1507328K
  class space    used 58110K, committed 59328K, reserved 1048576K
}
Event: 653.125 GC heap before
{Heap before GC invocations=155 (full 0):
 garbage-first heap   total 4857856K, used 1133319K [0x0000000600000000, 0x0000000800000000)
  region size 4096K, 59 young (241664K), 4 survivors (16384K)
 Metaspace       used 464887K, committed 467328K, reserved 1507328K
  class space    used 58112K, committed 59328K, reserved 1048576K
}
Event: 653.203 GC heap after
{Heap after GC invocations=156 (full 0):
 garbage-first heap   total 4857856K, used 908998K [0x0000000600000000, 0x0000000800000000)
  region size 4096K, 4 young (16384K), 4 survivors (16384K)
 Metaspace       used 464887K, committed 467328K, reserved 1507328K
  class space    used 58112K, committed 59328K, reserved 1048576K
}
Event: 653.428 GC heap before
{Heap before GC invocations=156 (full 0):
 garbage-first heap   total 4857856K, used 1134278K [0x0000000600000000, 0x0000000800000000)
  region size 4096K, 59 young (241664K), 4 survivors (16384K)
 Metaspace       used 464893K, committed 467328K, reserved 1507328K
  class space    used 58112K, committed 59328K, reserved 1048576K
}
Event: 653.529 GC heap after
{Heap after GC invocations=157 (full 0):
 garbage-first heap   total 4857856K, used 910010K [0x0000000600000000, 0x0000000800000000)
  region size 4096K, 5 young (20480K), 5 survivors (20480K)
 Metaspace       used 464893K, committed 467328K, reserved 1507328K
  class space    used 58112K, committed 59328K, reserved 1048576K
}
Event: 653.782 GC heap before
{Heap before GC invocations=157 (full 0):
 garbage-first heap   total 4857856K, used 1131194K [0x0000000600000000, 0x0000000800000000)
  region size 4096K, 59 young (241664K), 5 survivors (20480K)
 Metaspace       used 464917K, committed 467392K, reserved 1507328K
  class space    used 58113K, committed 59328K, reserved 1048576K
}

Deoptimization events (20 events):
Event: 653.644 Thread 0x00000221ddde0130 DEOPT UNPACKING pc=0x00000221657723a3 sp=0x00000058526fe818 mode 2
Event: 653.644 Thread 0x00000221e0b813a0 DEOPT UNPACKING pc=0x00000221657723a3 sp=0x0000005852bfe5f8 mode 2
Event: 653.644 Thread 0x00000221e0b81870 DEOPT PACKING pc=0x0000022168d963dc sp=0x00000058528fe640
Event: 653.644 Thread 0x00000221e0b81870 DEOPT UNPACKING pc=0x00000221657723a3 sp=0x00000058528fe648 mode 2
Event: 653.709 Thread 0x00000221ddde0130 Uncommon trap: trap_request=0xffffffc6 fr.pc=0x0000022168eb5570 relative=0x0000000000004df0
Event: 653.709 Thread 0x00000221ddde0130 Uncommon trap: reason=bimorphic_or_optimized_type_check action=maybe_recompile pc=0x0000022168eb5570 method=com.android.tools.r8.internal.FS.a(Lcom/android/tools/r8/internal/AS;)V @ 2929 c2
Event: 653.709 Thread 0x00000221ddde0130 DEOPT PACKING pc=0x0000022168eb5570 sp=0x00000058526fe9c0
Event: 653.710 Thread 0x00000221ddde0130 DEOPT UNPACKING pc=0x00000221657723a3 sp=0x00000058526fe940 mode 2
Event: 653.710 Thread 0x00000221ddde0130 Uncommon trap: trap_request=0xffffffc6 fr.pc=0x0000022168eb5774 relative=0x0000000000004ff4
Event: 653.710 Thread 0x00000221ddde0130 Uncommon trap: reason=bimorphic_or_optimized_type_check action=maybe_recompile pc=0x0000022168eb5774 method=com.android.tools.r8.internal.FS.a(Lcom/android/tools/r8/internal/AS;)V @ 2864 c2
Event: 653.710 Thread 0x00000221ddde0130 DEOPT PACKING pc=0x0000022168eb5774 sp=0x00000058526fe9c0
Event: 653.710 Thread 0x00000221ddde0130 DEOPT UNPACKING pc=0x00000221657723a3 sp=0x00000058526fe940 mode 2
Event: 653.710 Thread 0x00000221ddde0130 Uncommon trap: trap_request=0xffffffc6 fr.pc=0x0000022168eb5570 relative=0x0000000000004df0
Event: 653.710 Thread 0x00000221ddde0130 Uncommon trap: reason=bimorphic_or_optimized_type_check action=maybe_recompile pc=0x0000022168eb5570 method=com.android.tools.r8.internal.FS.a(Lcom/android/tools/r8/internal/AS;)V @ 2929 c2
Event: 653.710 Thread 0x00000221ddde0130 DEOPT PACKING pc=0x0000022168eb5570 sp=0x00000058526fe9c0
Event: 653.710 Thread 0x00000221ddde0130 DEOPT UNPACKING pc=0x00000221657723a3 sp=0x00000058526fe940 mode 2
Event: 653.771 Thread 0x00000221e01fbaa0 Uncommon trap: trap_request=0xffffff45 fr.pc=0x0000022168ca4af4 relative=0x0000000000004ef4
Event: 653.771 Thread 0x00000221e01fbaa0 Uncommon trap: reason=unstable_if action=reinterpret pc=0x0000022168ca4af4 method=com.android.tools.r8.internal.ap0.a(Ljava/util/function/Predicate;Lcom/android/tools/r8/internal/ZD;)Z @ 196 c2
Event: 653.771 Thread 0x00000221e01fbaa0 DEOPT PACKING pc=0x0000022168ca4af4 sp=0x0000005852dfe100
Event: 653.771 Thread 0x00000221e01fbaa0 DEOPT UNPACKING pc=0x00000221657723a3 sp=0x0000005852dfe0a0 mode 2

Classes unloaded (20 events):
Event: 608.490 Thread 0x000002217c582010 Unloading class 0x00000221814e9c00 'java/lang/invoke/LambdaForm$MH+0x00000221814e9c00'
Event: 608.490 Thread 0x000002217c582010 Unloading class 0x00000221814e9800 'java/lang/invoke/LambdaForm$DMH+0x00000221814e9800'
Event: 608.491 Thread 0x000002217c582010 Unloading class 0x00000221814e9400 'java/lang/invoke/LambdaForm$MH+0x00000221814e9400'
Event: 608.491 Thread 0x000002217c582010 Unloading class 0x00000221814e8c00 'java/lang/invoke/LambdaForm$DMH+0x00000221814e8c00'
Event: 608.491 Thread 0x000002217c582010 Unloading class 0x00000221814e8800 'java/lang/invoke/LambdaForm$DMH+0x00000221814e8800'
Event: 608.491 Thread 0x000002217c582010 Unloading class 0x00000221814e8400 'java/lang/invoke/LambdaForm$DMH+0x00000221814e8400'
Event: 608.491 Thread 0x000002217c582010 Unloading class 0x00000221814e8000 'java/lang/invoke/LambdaForm$DMH+0x00000221814e8000'
Event: 608.491 Thread 0x000002217c582010 Unloading class 0x00000221814e7400 'java/lang/invoke/LambdaForm$DMH+0x00000221814e7400'
Event: 608.491 Thread 0x000002217c582010 Unloading class 0x00000221814e7800 'java/lang/invoke/LambdaForm$DMH+0x00000221814e7800'
Event: 608.491 Thread 0x000002217c582010 Unloading class 0x00000221814e7000 'java/lang/invoke/LambdaForm$DMH+0x00000221814e7000'
Event: 608.491 Thread 0x000002217c582010 Unloading class 0x00000221814e6800 'java/lang/invoke/LambdaForm$DMH+0x00000221814e6800'
Event: 608.491 Thread 0x000002217c582010 Unloading class 0x00000221814e6400 'java/lang/invoke/LambdaForm$DMH+0x00000221814e6400'
Event: 608.491 Thread 0x000002217c582010 Unloading class 0x00000221814e5c00 'java/lang/invoke/LambdaForm$DMH+0x00000221814e5c00'
Event: 608.491 Thread 0x000002217c582010 Unloading class 0x00000221814e6c00 'java/lang/invoke/LambdaForm$DMH+0x00000221814e6c00'
Event: 608.491 Thread 0x000002217c582010 Unloading class 0x00000221814e5800 'java/lang/invoke/LambdaForm$DMH+0x00000221814e5800'
Event: 608.492 Thread 0x000002217c582010 Unloading class 0x00000221814e5400 'java/lang/invoke/LambdaForm$DMH+0x00000221814e5400'
Event: 608.492 Thread 0x000002217c582010 Unloading class 0x00000221814e5000 'java/lang/invoke/LambdaForm$DMH+0x00000221814e5000'
Event: 608.492 Thread 0x000002217c582010 Unloading class 0x00000221814e4800 'java/lang/invoke/LambdaForm$DMH+0x00000221814e4800'
Event: 608.492 Thread 0x000002217c582010 Unloading class 0x00000221814e4c00 'java/lang/invoke/LambdaForm$DMH+0x00000221814e4c00'
Event: 608.492 Thread 0x000002217c582010 Unloading class 0x00000221814e4000 'java/lang/invoke/LambdaForm$DMH+0x00000221814e4000'

Classes redefined (0 events):
No events

Internal exceptions (20 events):
Event: 628.240 Thread 0x00000221e1150140 Exception <a 'java/lang/IncompatibleClassChangeError'{0x00000006b0f47778}: Found class java.lang.Object, but interface was expected> (0x00000006b0f47778) 
thrown [s\open\src\hotspot\share\interpreter\linkResolver.cpp, line 826]
Event: 628.240 Thread 0x00000221e1938100 Exception <a 'java/lang/IncompatibleClassChangeError'{0x00000006b395c3f8}: Found class java.lang.Object, but interface was expected> (0x00000006b395c3f8) 
thrown [s\open\src\hotspot\share\interpreter\linkResolver.cpp, line 826]
Event: 628.240 Thread 0x00000221ced79d50 Exception <a 'java/lang/IncompatibleClassChangeError'{0x00000006b368b1b0}: Found class java.lang.Object, but interface was expected> (0x00000006b368b1b0) 
thrown [s\open\src\hotspot\share\interpreter\linkResolver.cpp, line 826]
Event: 628.247 Thread 0x00000221e1150140 Exception <a 'java/lang/IncompatibleClassChangeError'{0x00000006b0f750d0}: Found class java.lang.Object, but interface was expected> (0x00000006b0f750d0) 
thrown [s\open\src\hotspot\share\interpreter\linkResolver.cpp, line 826]
Event: 628.247 Thread 0x00000221ced79d50 Exception <a 'java/lang/IncompatibleClassChangeError'{0x00000006b36b9290}: Found class java.lang.Object, but interface was expected> (0x00000006b36b9290) 
thrown [s\open\src\hotspot\share\interpreter\linkResolver.cpp, line 826]
Event: 628.247 Thread 0x00000221ddde0130 Exception <a 'java/lang/IncompatibleClassChangeError'{0x00000006b0e1d510}: Found class java.lang.Object, but interface was expected> (0x00000006b0e1d510) 
thrown [s\open\src\hotspot\share\interpreter\linkResolver.cpp, line 826]
Event: 629.145 Thread 0x00000221e0b813a0 Exception <a 'java/lang/NoSuchMethodError'{0x00000006b3b74ce8}: 'void java.lang.invoke.DirectMethodHandle$Holder.invokeStatic(java.lang.Object, java.lang.Object, java.lang.Object, java.lang.Object, java.lang.Object, java.lang.Object, java.lang.Object, java.lang.Object, java.lang.Object, java.lang.Object)'> (0x00000006b3b74ce8) 
thrown [s\open\src\hotspot\share\interpreter\linkResolver.cpp, line 759]
Event: 629.145 Thread 0x00000221e0b80060 Exception <a 'java/lang/NoSuchMethodError'{0x00000006b089e9c0}: 'void java.lang.invoke.DirectMethodHandle$Holder.invokeStatic(java.lang.Object, java.lang.Object, java.lang.Object, java.lang.Object, java.lang.Object, java.lang.Object, java.lang.Object, java.lang.Object, java.lang.Object, java.lang.Object)'> (0x00000006b089e9c0) 
thrown [s\open\src\hotspot\share\interpreter\linkResolver.cpp, line 759]
Event: 629.145 Thread 0x00000221ced79d50 Exception <a 'java/lang/NoSuchMethodError'{0x00000006b36e5468}: 'void java.lang.invoke.DirectMethodHandle$Holder.invokeStatic(java.lang.Object, java.lang.Object, java.lang.Object, java.lang.Object, java.lang.Object, java.lang.Object, java.lang.Object, java.lang.Object, java.lang.Object, java.lang.Object)'> (0x00000006b36e5468) 
thrown [s\open\src\hotspot\share\interpreter\linkResolver.cpp, line 759]
Event: 629.146 Thread 0x00000221e1938100 Exception <a 'java/lang/NoSuchMethodError'{0x00000006b39b3fd0}: 'void java.lang.invoke.DirectMethodHandle$Holder.invokeStatic(java.lang.Object, java.lang.Object, java.lang.Object, java.lang.Object, java.lang.Object, java.lang.Object, java.lang.Object, java.lang.Object, java.lang.Object, java.lang.Object)'> (0x00000006b39b3fd0) 
thrown [s\open\src\hotspot\share\interpreter\linkResolver.cpp, line 759]
Event: 629.146 Thread 0x00000221ddde0130 Exception <a 'java/lang/NoSuchMethodError'{0x00000006b0e4d110}: 'void java.lang.invoke.DirectMethodHandle$Holder.invokeStatic(java.lang.Object, java.lang.Object, java.lang.Object, java.lang.Object, java.lang.Object, java.lang.Object, java.lang.Object, java.lang.Object, java.lang.Object, java.lang.Object)'> (0x00000006b0e4d110) 
thrown [s\open\src\hotspot\share\interpreter\linkResolver.cpp, line 759]
Event: 629.146 Thread 0x00000221e1150140 Exception <a 'java/lang/NoSuchMethodError'{0x00000006b0fa04e8}: 'void java.lang.invoke.DirectMethodHandle$Holder.invokeStatic(java.lang.Object, java.lang.Object, java.lang.Object, java.lang.Object, java.lang.Object, java.lang.Object, java.lang.Object, java.lang.Object, java.lang.Object, java.lang.Object)'> (0x00000006b0fa04e8) 
thrown [s\open\src\hotspot\share\interpreter\linkResolver.cpp, line 759]
Event: 635.228 Thread 0x00000221e1938100 Exception <a 'java/lang/IncompatibleClassChangeError'{0x00000006af4097a8}: Found class java.lang.Object, but interface was expected> (0x00000006af4097a8) 
thrown [s\open\src\hotspot\share\interpreter\linkResolver.cpp, line 826]
Event: 635.236 Thread 0x00000221e1938100 Exception <a 'java/lang/NoSuchMethodError'{0x00000006af415940}: 'java.lang.Object java.lang.invoke.DirectMethodHandle$Holder.invokeInterface(java.lang.Object, java.lang.Object, java.lang.Object, java.lang.Object, java.lang.Object)'> (0x00000006af415940) 
thrown [s\open\src\hotspot\share\interpreter\linkResolver.cpp, line 759]
Event: 635.237 Thread 0x00000221e1938100 Exception <a 'java/lang/IncompatibleClassChangeError'{0x00000006af419448}: Found class java.lang.Object, but interface was expected> (0x00000006af419448) 
thrown [s\open\src\hotspot\share\interpreter\linkResolver.cpp, line 826]
Event: 635.281 Thread 0x00000221ced79d50 Exception <a 'java/lang/NoSuchMethodError'{0x00000006b013f888}: 'java.lang.Object java.lang.invoke.DirectMethodHandle$Holder.newInvokeSpecial(java.lang.Object, java.lang.Object, java.lang.Object, int, int)'> (0x00000006b013f888) 
thrown [s\open\src\hotspot\share\interpreter\linkResolver.cpp, line 759]
Event: 635.283 Thread 0x00000221ced79d50 Exception <a 'java/lang/NoSuchMethodError'{0x00000006b01436c8}: 'java.lang.Object java.lang.invoke.DirectMethodHandle$Holder.invokeSpecial(java.lang.Object, java.lang.Object, java.lang.Object, java.lang.Object, int, int)'> (0x00000006b01436c8) 
thrown [s\open\src\hotspot\share\interpreter\linkResolver.cpp, line 759]
Event: 635.285 Thread 0x00000221ced79d50 Exception <a 'java/lang/NoSuchMethodError'{0x00000006b01470c0}: 'java.lang.Object java.lang.invoke.Invokers$Holder.linkToTargetMethod(java.lang.Object, java.lang.Object, int, int, java.lang.Object)'> (0x00000006b01470c0) 
thrown [s\open\src\hotspot\share\interpreter\linkResolver.cpp, line 759]
Event: 642.804 Thread 0x00000221e1150140 Implicit null exception at 0x0000022168e41168 to 0x0000022168e434cc
Event: 653.569 Thread 0x00000221e1150140 Implicit null exception at 0x0000022168ae403c to 0x0000022168ae7b0c

VM Operations (20 events):
Event: 642.225 Executing VM operation: HandshakeAllThreads done
Event: 642.976 Executing VM operation: G1CollectForAllocation
Event: 646.618 Executing VM operation: G1CollectForAllocation done
Event: 647.443 Executing VM operation: G1CollectForAllocation
Event: 651.621 Executing VM operation: G1CollectForAllocation done
Event: 651.717 Executing VM operation: HandshakeAllThreads
Event: 651.753 Executing VM operation: HandshakeAllThreads done
Event: 651.866 Executing VM operation: G1CollectForAllocation
Event: 651.918 Executing VM operation: G1CollectForAllocation done
Event: 652.221 Executing VM operation: G1CollectForAllocation
Event: 652.356 Executing VM operation: G1CollectForAllocation done
Event: 652.603 Executing VM operation: G1CollectForAllocation
Event: 652.712 Executing VM operation: G1CollectForAllocation done
Event: 653.107 Executing VM operation: HandshakeAllThreads
Event: 653.108 Executing VM operation: HandshakeAllThreads done
Event: 653.124 Executing VM operation: G1CollectForAllocation
Event: 653.203 Executing VM operation: G1CollectForAllocation done
Event: 653.428 Executing VM operation: G1CollectForAllocation
Event: 653.529 Executing VM operation: G1CollectForAllocation done
Event: 653.781 Executing VM operation: G1CollectForAllocation

Events (20 events):
Event: 652.011 Thread 0x000002217b76b700 flushing nmethod 0x000002215e7a1390
Event: 652.011 Thread 0x000002217b76b700 flushing nmethod 0x000002215e7a3910
Event: 652.011 Thread 0x000002217b76b700 flushing nmethod 0x000002215e7a3c90
Event: 652.012 Thread 0x000002217b76b700 flushing nmethod 0x000002215e7cc090
Event: 652.012 Thread 0x000002217b76b700 flushing nmethod 0x000002215e7d7390
Event: 652.012 Thread 0x000002217b76b700 flushing nmethod 0x000002215e7e8310
Event: 652.012 Thread 0x000002217b76b700 flushing nmethod 0x000002215e7e9810
Event: 652.012 Thread 0x000002217b76b700 flushing nmethod 0x000002215e829e10
Event: 652.012 Thread 0x000002217b76b700 flushing nmethod 0x000002215e839390
Event: 652.012 Thread 0x000002217b76b700 flushing nmethod 0x000002215e83eb10
Event: 652.012 Thread 0x000002217b76b700 flushing nmethod 0x000002215e846990
Event: 652.012 Thread 0x000002217b76b700 flushing nmethod 0x000002215e846d90
Event: 652.012 Thread 0x000002217b76b700 flushing nmethod 0x000002215e849a90
Event: 652.012 Thread 0x000002217b76b700 flushing nmethod 0x000002215e84b190
Event: 652.012 Thread 0x000002217b76b700 flushing nmethod 0x000002215e84c510
Event: 652.012 Thread 0x000002217b76b700 flushing nmethod 0x000002215e852590
Event: 652.012 Thread 0x000002217b76b700 flushing nmethod 0x000002215e874090
Event: 652.012 Thread 0x000002217b76b700 flushing nmethod 0x000002215e8a6710
Event: 652.013 Thread 0x000002217b76b700 flushing nmethod 0x000002215ea04b10
Event: 652.013 Thread 0x000002217b76b700 flushing nmethod 0x000002215ea06590


Dynamic libraries:
0x00007ff73ca00000 - 0x00007ff73ca10000 	C:\Program Files\Java\jdk-17\bin\java.exe
0x00007ff89a480000 - 0x00007ff89a6e6000 	C:\WINDOWS\SYSTEM32\ntdll.dll
0x00007ff899ad0000 - 0x00007ff899b99000 	C:\WINDOWS\System32\KERNEL32.DLL
0x00007ff897df0000 - 0x00007ff8981ea000 	C:\WINDOWS\System32\KERNELBASE.dll
0x00007ff897b30000 - 0x00007ff897c7c000 	C:\WINDOWS\System32\ucrtbase.dll
0x00007ff8864c0000 - 0x00007ff8864d9000 	C:\Program Files\Java\jdk-17\bin\jli.dll
0x00007ff883200000 - 0x00007ff88321b000 	C:\Program Files\Java\jdk-17\bin\VCRUNTIME140.dll
0x00007ff898650000 - 0x00007ff898706000 	C:\WINDOWS\System32\ADVAPI32.dll
0x00007ff898770000 - 0x00007ff898819000 	C:\WINDOWS\System32\msvcrt.dll
0x00007ff8983e0000 - 0x00007ff89848a000 	C:\WINDOWS\System32\sechost.dll
0x00007ff898980000 - 0x00007ff898a98000 	C:\WINDOWS\System32\RPCRT4.dll
0x00007ff898d00000 - 0x00007ff898ec7000 	C:\WINDOWS\System32\USER32.dll
0x00007ff897dc0000 - 0x00007ff897de7000 	C:\WINDOWS\System32\win32u.dll
0x00007ff889bb0000 - 0x00007ff889e42000 	C:\WINDOWS\WinSxS\amd64_microsoft.windows.common-controls_6595b64144ccf1df_6.0.26100.8521_none_3e08b75ce33403b3\COMCTL32.dll
0x00007ff89a410000 - 0x00007ff89a43b000 	C:\WINDOWS\System32\GDI32.dll
0x00007ff897890000 - 0x00007ff8979bb000 	C:\WINDOWS\System32\gdi32full.dll
0x00007ff8979c0000 - 0x00007ff897a63000 	C:\WINDOWS\System32\msvcp_win.dll
0x00007ff890460000 - 0x00007ff89046b000 	C:\WINDOWS\SYSTEM32\VERSION.dll
0x00007ff89a030000 - 0x00007ff89a062000 	C:\WINDOWS\System32\IMM32.DLL
0x00007ff88a7a0000 - 0x00007ff88a7ac000 	C:\Program Files\Java\jdk-17\bin\vcruntime140_1.dll
0x00007ff85eda0000 - 0x00007ff85ee2e000 	C:\Program Files\Java\jdk-17\bin\msvcp140.dll
0x00007ff822ba0000 - 0x00007ff823781000 	C:\Program Files\Java\jdk-17\bin\server\jvm.dll
0x00007ff89a1c0000 - 0x00007ff89a1c8000 	C:\WINDOWS\System32\PSAPI.DLL
0x00007ff838220000 - 0x00007ff83822a000 	C:\WINDOWS\SYSTEM32\WSOCK32.dll
0x00007ff88ef90000 - 0x00007ff88efc6000 	C:\WINDOWS\SYSTEM32\WINMM.dll
0x00007ff89a2d0000 - 0x00007ff89a350000 	C:\WINDOWS\System32\WS2_32.dll
0x00007ff8964a0000 - 0x00007ff8964bb000 	C:\WINDOWS\SYSTEM32\kernel.appcore.dll
0x00007ff88a640000 - 0x00007ff88a64a000 	C:\Program Files\Java\jdk-17\bin\jimage.dll
0x00007ff894d60000 - 0x00007ff894fa2000 	C:\WINDOWS\SYSTEM32\DBGHELP.DLL
0x00007ff899740000 - 0x00007ff899ac3000 	C:\WINDOWS\System32\combase.dll
0x00007ff898ed0000 - 0x00007ff898fa9000 	C:\WINDOWS\System32\OLEAUT32.dll
0x00007ff884580000 - 0x00007ff8845bb000 	C:\WINDOWS\SYSTEM32\dbgcore.DLL
0x00007ff897c80000 - 0x00007ff897d28000 	C:\WINDOWS\System32\bcryptPrimitives.dll
0x00007ff882c40000 - 0x00007ff882c4e000 	C:\Program Files\Java\jdk-17\bin\instrument.dll
0x00007ff882b50000 - 0x00007ff882b75000 	C:\Program Files\Java\jdk-17\bin\java.dll
0x00007ff829920000 - 0x00007ff8299f7000 	C:\Program Files\Java\jdk-17\bin\jsvml.dll
0x00007ff898fb0000 - 0x00007ff899734000 	C:\WINDOWS\System32\SHELL32.dll
0x00007ff8952c0000 - 0x00007ff895b40000 	C:\WINDOWS\SYSTEM32\windows.storage.dll
0x00007ff89a0c0000 - 0x00007ff89a1b6000 	C:\WINDOWS\System32\SHCORE.dll
0x00007ff89a390000 - 0x00007ff89a3f7000 	C:\WINDOWS\System32\shlwapi.dll
0x00007ff897630000 - 0x00007ff897659000 	C:\WINDOWS\SYSTEM32\profapi.dll
0x00007ff87f5a0000 - 0x00007ff87f5b8000 	C:\Program Files\Java\jdk-17\bin\zip.dll
0x00007ff87f660000 - 0x00007ff87f679000 	C:\Program Files\Java\jdk-17\bin\net.dll
0x00007ff88edb0000 - 0x00007ff88eed9000 	C:\WINDOWS\SYSTEM32\WINHTTP.dll
0x00007ff896a10000 - 0x00007ff896a7c000 	C:\WINDOWS\system32\mswsock.dll
0x00007ff87f640000 - 0x00007ff87f656000 	C:\Program Files\Java\jdk-17\bin\nio.dll
0x00007ff8864b0000 - 0x00007ff8864c0000 	C:\Program Files\Java\jdk-17\bin\verify.dll
0x00007ff8790e0000 - 0x00007ff879107000 	C:\Users\khali\.gradle\native\1def1411415f61bf3af743bc5b6707747c0891f09f0c88961ee8f79bc544acac\windows-amd64\native-platform.dll
0x000000006d970000 - 0x000000006d9e3000 	C:\Users\khali\.gradle\native\0.2.5\x86_64-windows-gnu\gradle-fileevents.dll
0x00007ff886440000 - 0x00007ff88644a000 	C:\Program Files\Java\jdk-17\bin\management.dll
0x00007ff886280000 - 0x00007ff88628b000 	C:\Program Files\Java\jdk-17\bin\management_ext.dll
0x00007ff896cf0000 - 0x00007ff896d0b000 	C:\WINDOWS\SYSTEM32\CRYPTSP.dll
0x00007ff896400000 - 0x00007ff896439000 	C:\WINDOWS\system32\rsaenh.dll
0x00007ff896ac0000 - 0x00007ff896af3000 	C:\WINDOWS\SYSTEM32\USERENV.dll
0x00007ff897600000 - 0x00007ff89762a000 	C:\WINDOWS\SYSTEM32\bcrypt.dll
0x00007ff896d10000 - 0x00007ff896d1c000 	C:\WINDOWS\SYSTEM32\CRYPTBASE.dll
0x00007ff895e60000 - 0x00007ff895e93000 	C:\WINDOWS\SYSTEM32\IPHLPAPI.DLL
0x00007ff89a400000 - 0x00007ff89a40a000 	C:\WINDOWS\System32\NSI.dll
0x00007ff88ce20000 - 0x00007ff88ce3d000 	C:\WINDOWS\SYSTEM32\dhcpcsvc6.DLL
0x00007ff88cd90000 - 0x00007ff88cdb5000 	C:\WINDOWS\SYSTEM32\dhcpcsvc.DLL
0x00007ff895ef0000 - 0x00007ff89603a000 	C:\WINDOWS\SYSTEM32\DNSAPI.dll
0x00007ff896810000 - 0x00007ff89681d000 	C:\WINDOWS\SYSTEM32\DSPARSE.dll
0x00007ff882970000 - 0x00007ff88297e000 	C:\Program Files\Java\jdk-17\bin\sunmscapi.dll
0x00007ff897710000 - 0x00007ff897888000 	C:\WINDOWS\System32\CRYPT32.dll
0x00007ff896f10000 - 0x00007ff896f40000 	C:\WINDOWS\SYSTEM32\ncrypt.dll
0x00007ff896ec0000 - 0x00007ff896eff000 	C:\WINDOWS\SYSTEM32\NTASN1.dll
0x00007ff8826c0000 - 0x00007ff8826c8000 	C:\WINDOWS\system32\wshunix.dll
0x000000006d8f0000 - 0x000000006d963000 	C:\Users\khali\AppData\Local\Temp\native-platform7301243561912925296dir\gradle-fileevents.dll
0x00007ff86c640000 - 0x00007ff86c658000 	C:\WINDOWS\system32\napinsp.dll
0x00007ff86c620000 - 0x00007ff86c633000 	C:\WINDOWS\System32\winrnr.dll
0x00007ff86c5f0000 - 0x00007ff86c612000 	C:\WINDOWS\system32\nlansp_c.dll
0x00007ff86c5d0000 - 0x00007ff86c5e6000 	C:\WINDOWS\system32\wshbth.dll
0x00007ff888a90000 - 0x00007ff888a9b000 	C:\Windows\System32\rasadhlp.dll
0x00007ff88c9a0000 - 0x00007ff88ca26000 	C:\WINDOWS\System32\fwpuclnt.dll
0x00007ff8965c0000 - 0x00007ff8965f6000 	C:\WINDOWS\SYSTEM32\ntmarta.dll
0x00007ff894050000 - 0x00007ff8940f0000 	C:\WINDOWS\system32\apphelp.dll
0x00007ff8827a0000 - 0x00007ff8827a7000 	C:\Program Files\Java\jdk-17\bin\rmi.dll
0x00007ff82e1a0000 - 0x00007ff82e331000 	C:\Program Files\Java\jdk-17\bin\awt.dll
0x00007ff894430000 - 0x00007ff8944da000 	C:\WINDOWS\system32\uxtheme.dll
0x00007ff898820000 - 0x00007ff89897d000 	C:\WINDOWS\System32\MSCTF.dll
0x00007ff898aa0000 - 0x00007ff898c38000 	C:\WINDOWS\System32\ole32.dll

dbghelp: loaded successfully - version: 4.0.5 - missing functions: none
symbol engine: initialized successfully - sym options: 0x614 - pdb path: .;C:\Program Files\Java\jdk-17\bin;C:\WINDOWS\SYSTEM32;C:\WINDOWS\WinSxS\amd64_microsoft.windows.common-controls_6595b64144ccf1df_6.0.26100.8521_none_3e08b75ce33403b3;C:\Program Files\Java\jdk-17\bin\server;C:\Users\khali\.gradle\native\1def1411415f61bf3af743bc5b6707747c0891f09f0c88961ee8f79bc544acac\windows-amd64;C:\Users\khali\.gradle\native\0.2.5\x86_64-windows-gnu;C:\Users\khali\AppData\Local\Temp\native-platform7301243561912925296dir

VM Arguments:
jvm_args: --add-opens=java.base/java.lang=ALL-UNNAMED --add-opens=java.base/java.lang.invoke=ALL-UNNAMED --add-opens=java.base/java.util=ALL-UNNAMED --add-opens=java.prefs/java.util.prefs=ALL-UNNAMED --add-exports=jdk.compiler/com.sun.tools.javac.api=ALL-UNNAMED --add-exports=jdk.compiler/com.sun.tools.javac.util=ALL-UNNAMED --add-opens=java.base/java.util=ALL-UNNAMED --add-opens=java.prefs/java.util.prefs=ALL-UNNAMED --add-opens=java.base/java.nio.charset=ALL-UNNAMED --add-opens=java.base/java.net=ALL-UNNAMED --add-opens=java.base/java.util.concurrent.atomic=ALL-UNNAMED --add-opens=java.xml/javax.xml.namespace=ALL-UNNAMED -XX:MaxMetaspaceSize=4G -XX:ReservedCodeCacheSize=512m -XX:+HeapDumpOnOutOfMemoryError -Xmx8G -Dfile.encoding=windows-1252 -Duser.country=US -Duser.language=en -Duser.variant -javaagent:C:\Users\khali\.gradle\wrapper\dists\gradle-8.12-all\ejduaidbjup3bmmkhw3rie4zb\gradle-8.12\lib\agents\gradle-instrumentation-agent-8.12.jar 
java_command: org.gradle.launcher.daemon.bootstrap.GradleDaemon 8.12
java_class_path (initial): C:\Users\khali\.gradle\wrapper\dists\gradle-8.12-all\ejduaidbjup3bmmkhw3rie4zb\gradle-8.12\lib\gradle-daemon-main-8.12.jar
Launcher Type: SUN_STANDARD

[Global flags]
     intx CICompilerCount                          = 12                                        {product} {ergonomic}
     uint ConcGCThreads                            = 3                                         {product} {ergonomic}
     uint G1ConcRefinementThreads                  = 13                                        {product} {ergonomic}
   size_t G1HeapRegionSize                         = 4194304                                   {product} {ergonomic}
    uintx GCDrainStackTargetSize                   = 64                                        {product} {ergonomic}
     bool HeapDumpOnOutOfMemoryError               = true                                   {manageable} {command line}
   size_t InitialHeapSize                          = 125829120                                 {product} {ergonomic}
   size_t MarkStackSize                            = 4194304                                   {product} {ergonomic}
   size_t MaxHeapSize                              = 8589934592                                {product} {command line}
   size_t MaxMetaspaceSize                         = 4294967296                                {product} {command line}
   size_t MaxNewSize                               = 5150605312                                {product} {ergonomic}
   size_t MinHeapDeltaBytes                        = 4194304                                   {product} {ergonomic}
   size_t MinHeapSize                              = 8388608                                   {product} {ergonomic}
    uintx NonNMethodCodeHeapSize                   = 7602480                                {pd product} {ergonomic}
    uintx NonProfiledCodeHeapSize                  = 264634216                              {pd product} {ergonomic}
    uintx ProfiledCodeHeapSize                     = 264634216                              {pd product} {ergonomic}
    uintx ReservedCodeCacheSize                    = 536870912                              {pd product} {command line}
     bool SegmentedCodeCache                       = true                                      {product} {ergonomic}
   size_t SoftMaxHeapSize                          = 8589934592                             {manageable} {ergonomic}
   double SweeperThreshold                         = 0.234375                                  {product} {ergonomic}
     bool UseCompressedClassPointers               = true                           {product lp64_product} {ergonomic}
     bool UseCompressedOops                        = true                           {product lp64_product} {ergonomic}
     bool UseG1GC                                  = true                                      {product} {ergonomic}
     bool UseLargePagesIndividualAllocation        = false                                  {pd product} {ergonomic}

Logging:
Log output configuration:
 #0: stdout all=warning uptime,level,tags
 #1: stderr all=off uptime,level,tags

Environment Variables:
JAVA_HOME=C:\Program Files\Java\jdk-17
CLASSPATH=C:\Users\khali\Desktop\prog\daily_azkar_app_source\android\\gradle\wrapper\gradle-wrapper.jar
PATH=C:\Program Files\Java\jdk-17\bin;C:\Users\khali\.codex\tmp\arg0\codex-arg0fkXYAw;C:\Program Files\Common Files\Oracle\Java\javapath;C:\WINDOWS\system32;C:\WINDOWS;C:\WINDOWS\System32\Wbem;C:\WINDOWS\System32\WindowsPowerShell\v1.0\;C:\WINDOWS\System32\OpenSSH\;C:\Program Files\dotnet\;C:\xampp\php;C:\ProgramData\ComposerSetup\bin;C:\flutter\bin;C:\Program Files (x86)\Windows Kits\10\Windows Performance Toolkit\;C:\Program Files\Java\jdk-17\bin;C:\Program Files\nodejs\;C:\Program Files\Docker\Docker\resources\bin;C:\Users\Git\cmd;C:\Users\khali\AppData\Local\Programs\Python\Python313\Scripts\;C:\Users\khali\AppData\Local\Programs\Python\Python313\;C:\Users\khali\AppData\Local\Microsoft\WindowsApps;C:\Users\khali\.dotnet\tools;C:\Users\khali\AppData\Roaming\Composer\vendor\bin;C:\Program Files\Java\jdk-24\bin;C:\Program Files\Java\jdk-17;C:\Users\khali\AppData\Local\Android\Sdk\platform-tools;C:\Users\khali\AppData\Local\Programs\Warp\bin;C:\Users\khali\AppData\Roaming\npm;C:\npm-global;C:\Users\khali\AppData\Local\Programs\Microsoft VS Code\bin;C:\Users\khali\AppData\Local\GitHubDesktop\bin;C:\Users\khali\AppData\Local\OpenAI\Codex\bin\ada252862d154cdd;C:\Program Files\WindowsApps\OpenAI.Codex_26.609.4994.0_x64__2p2nqsd0c76g0\app\resources;C:\flutter\bin\mingit\cmd
USERNAME=khali
SHELL=C:\WINDOWS\System32\WindowsPowerShell\v1.0\powershell.exe
OS=Windows_NT
PROCESSOR_IDENTIFIER=AMD64 Family 23 Model 104 Stepping 1, AuthenticAMD



---------------  S Y S T E M  ---------------

OS:
 Windows 11 , 64 bit Build 26100 (10.0.26100.8521)
OS uptime: 0 days 5:18 hours
Hyper-V role detected

CPU: total 16 (initial active 16) (16 cores per cpu, 2 threads per core) family 23 model 104 stepping 1 microcode 0x8608104, cx8, cmov, fxsr, ht, mmx, 3dnowpref, sse, sse2, sse3, ssse3, sse4a, sse4.1, sse4.2, popcnt, lzcnt, tsc, tscinvbit, avx, avx2, aes, clmul, bmi1, bmi2, adx, sha, fma, vzeroupper, clflush, clflushopt, hv

Memory: 4k page, system-wide physical 7517M (711M free)
TotalPageFile size 24817M (AvailPageFile size 1002M)
current process WorkingSet (physical memory assigned to process): 3100M, peak: 3304M
current process commit charge ("private bytes"): 7399M, peak: 7420M

vm_info: Java HotSpot(TM) 64-Bit Server VM (17.0.15+9-LTS-241) for windows-amd64 JRE (17.0.15+9-LTS-241), built on Feb 20 2025 10:49:54 by "mach5one" with MS VC++ 17.6 (VS2022)

END.
